Origin,Origin_name,Origin_address,Origin_latitude,Origin_longitude,Destination,Destination_name,Destination_address,Destination_latitude,Destination_longitude
SO05,Action Gardien,"2533 Rue du Centre, Montreal, QC H3K 1J9",45.478734,-73.568586,SO01,Eco-Quartier/YMCA,"255 Avenue Ash, Montreal, QC H3K 2R1",45.478343,-73.55185300000001
SO07,Compost Montréal,"209A Rue Maria, Montréal, QC H4C 2N9",45.477127,-73.581227,SO01,Eco-Quartier/YMCA,"255 Avenue Ash, Montreal, QC H3K 2R1",45.478343,-73.55185300000001
SO08,Coalition Petite Bourgogne/Marché Citoyen,"741 Rue des Seigneurs, Montreal, QC H3J 1Y2",45.489160999999996,-73.57209499999999,SO01,Eco-Quartier/YMCA,"255 Avenue Ash, Montreal, QC H3K 2R1",45.478343,-73.55185300000001
SO10,Maison du Partage d'Youville,"2221 Rue de Coleraine, Montreal, QC H3K 1S2",45.477790999999996,-73.561915,SO01,Eco-Quartier/YMCA,"255 Avenue Ash, Montreal, QC H3K 2R1",45.478343,-73.55185300000001
SO11,Maison de Jeunes de PSC L'Adozone,"1850 Rue Grand Trunk, Montreal, QC H3K 1N9",45.481343,-73.561665,SO01,Eco-Quartier/YMCA,"255 Avenue Ash, Montreal, QC H3K 2R1",45.478343,-73.55185300000001
SO12,Maison de Jeunes L'Escampette,"525 Rue Dominion, Montreal, QC H3J 2B4",45.484598,-73.57345600000001,SO01,Eco-Quartier/YMCA,"255 Avenue Ash, Montreal, QC H3K 2R1",45.478343,-73.55185300000001
SO13,Club Populaire des Consommateurs,"1956 Rue Grand Trunk, Montreal, QC H3K 1N9",45.481343,-73.561665,SO01,Eco-Quartier/YMCA,"255 Avenue Ash, Montreal, QC H3K 2R1",45.478343,-73.55185300000001
SO15,Share the warmth/Partageons l'espoir,"625 Rue Fortune, Montreal, QC H3K 2R9",45.478148,-73.559401,SO01,Eco-Quartier/YMCA,"255 Avenue Ash, Montreal, QC H3K 2R1",45.478343,-73.55185300000001
SO16,Pro-Vert Sud Ouest,"75 Rue du Square Sir George Étienne Cartier, Montreal, QC H4C 3A1",45.473064,-73.583711,SO01,Eco-Quartier/YMCA,"255 Avenue Ash, Montreal, QC H3K 2R1",45.478343,-73.55185300000001
SO17,Batiment 7 / Collectif 7 à nous,"1950 Rue du Centre, Montreal, QC H3K 1J2",45.482094000000004,-73.56312199999999,SO01,Eco-Quartier/YMCA,"255 Avenue Ash, Montreal, QC H3K 2R1",45.478343,-73.55185300000001
SO18,Saint Columba House,"2365 Rue Grand Trunk, Montreal, QC H3K 1M8",45.478913,-73.565399,SO01,Eco-Quartier/YMCA,"255 Avenue Ash, Montreal, QC H3K 2R1",45.478343,-73.55185300000001
SO19,Craig Sauvé/Projet Montreal,"1055 Boulevard René-Lévesque E, suite 1100, Montréal, QC H2L 4S5",45.516465999999994,-73.55528100000001,SO01,Eco-Quartier/YMCA,"255 Avenue Ash, Montreal, QC H3K 2R1",45.478343,-73.55185300000001
SO20,Atelier 850,"850 Rue des Seigneurs, Montréal, QC H3J 1Y5",45.490185,-73.574646,SO01,Eco-Quartier/YMCA,"255 Avenue Ash, Montreal, QC H3K 2R1",45.478343,-73.55185300000001
SO01,Eco-Quartier/YMCA,"255 Avenue Ash, Montreal, QC H3K 2R1",45.478343,-73.55185300000001,SO02,CRCS St-Zotique,"75 Rue du Square Sir George Étienne Cartier, Montréal, QC H4C 3A1",45.473064,-73.583711
SO15,Share the warmth/Partageons l'espoir,"625 Rue Fortune, Montreal, QC H3K 2R9",45.478148,-73.559401,SO02,CRCS St-Zotique,"75 Rue du Square Sir George Étienne Cartier, Montréal, QC H4C 3A1",45.473064,-73.583711
SO16,Pro-Vert Sud Ouest,"75 Rue du Square Sir George Étienne Cartier, Montreal, QC H4C 3A1",45.473064,-73.583711,SO02,CRCS St-Zotique,"75 Rue du Square Sir George Étienne Cartier, Montréal, QC H4C 3A1",45.473064,-73.583711
SO19,Craig Sauvé/Projet Montreal,"1055 Boulevard René-Lévesque E, suite 1100, Montréal, QC H2L 4S5",45.516465999999994,-73.55528100000001,SO02,CRCS St-Zotique,"75 Rue du Square Sir George Étienne Cartier, Montréal, QC H4C 3A1",45.473064,-73.583711
SO20,Atelier 850,"850 Rue des Seigneurs, Montréal, QC H3J 1Y5",45.490185,-73.574646,SO02,CRCS St-Zotique,"75 Rue du Square Sir George Étienne Cartier, Montréal, QC H4C 3A1",45.473064,-73.583711
SO01,Eco-Quartier/YMCA,"255 Avenue Ash, Montreal, QC H3K 2R1",45.478343,-73.55185300000001,SO03,Maison D'Entreaide Ville Emard/Cote Saint Paul,"5999 Rue Drake, Montreal, QC H4E 4G8",45.457815999999994,-73.582391
SO15,Share the warmth/Partageons l'espoir,"625 Rue Fortune, Montreal, QC H3K 2R9",45.478148,-73.559401,SO03,Maison D'Entreaide Ville Emard/Cote Saint Paul,"5999 Rue Drake, Montreal, QC H4E 4G8",45.457815999999994,-73.582391
SO19,Craig Sauvé/Projet Montreal,"1055 Boulevard René-Lévesque E, suite 1100, Montréal, QC H2L 4S5",45.516465999999994,-73.55528100000001,SO03,Maison D'Entreaide Ville Emard/Cote Saint Paul,"5999 Rue Drake, Montreal, QC H4E 4G8",45.457815999999994,-73.582391
SO01,Eco-Quartier/YMCA,"255 Avenue Ash, Montreal, QC H3K 2R1",45.478343,-73.55185300000001,SO04,Jardin Communautaire Pointe-Verte,"Rue Knox & Rue Charlevoix, Ahuntsic-Cartierville, Montréal, QC H3K 2Y6",45.477365999999996,-73.56442
SO16,Pro-Vert Sud Ouest,"75 Rue du Square Sir George Étienne Cartier, Montreal, QC H4C 3A1",45.473064,-73.583711,SO04,Jardin Communautaire Pointe-Verte,"Rue Knox & Rue Charlevoix, Ahuntsic-Cartierville, Montréal, QC H3K 2Y6",45.477365999999996,-73.56442
SO19,Craig Sauvé/Projet Montreal,"1055 Boulevard René-Lévesque E, suite 1100, Montréal, QC H2L 4S5",45.516465999999994,-73.55528100000001,SO04,Jardin Communautaire Pointe-Verte,"Rue Knox & Rue Charlevoix, Ahuntsic-Cartierville, Montréal, QC H3K 2Y6",45.477365999999996,-73.56442
SO01,Eco-Quartier/YMCA,"255 Avenue Ash, Montreal, QC H3K 2R1",45.478343,-73.55185300000001,SO05,Action Gardien,"2533 Rue du Centre, Montreal, QC H3K 1J9",45.478734,-73.568586
SO13,Club Populaire des Consommateurs,"1956 Rue Grand Trunk, Montreal, QC H3K 1N9",45.481343,-73.561665,SO05,Action Gardien,"2533 Rue du Centre, Montreal, QC H3K 1J9",45.478734,-73.568586
SO15,Share the warmth/Partageons l'espoir,"625 Rue Fortune, Montreal, QC H3K 2R9",45.478148,-73.559401,SO05,Action Gardien,"2533 Rue du Centre, Montreal, QC H3K 1J9",45.478734,-73.568586
SO17,Batiment 7 / Collectif 7 à nous,"1950 Rue du Centre, Montreal, QC H3K 1J2",45.482094000000004,-73.56312199999999,SO05,Action Gardien,"2533 Rue du Centre, Montreal, QC H3K 1J9",45.478734,-73.568586
SO18,Saint Columba House,"2365 Rue Grand Trunk, Montreal, QC H3K 1M8",45.478913,-73.565399,SO05,Action Gardien,"2533 Rue du Centre, Montreal, QC H3K 1J9",45.478734,-73.568586
SO19,Craig Sauvé/Projet Montreal,"1055 Boulevard René-Lévesque E, suite 1100, Montréal, QC H2L 4S5",45.516465999999994,-73.55528100000001,SO05,Action Gardien,"2533 Rue du Centre, Montreal, QC H3K 1J9",45.478734,-73.568586
SO20,Atelier 850,"850 Rue des Seigneurs, Montréal, QC H3J 1Y5",45.490185,-73.574646,SO05,Action Gardien,"2533 Rue du Centre, Montreal, QC H3K 1J9",45.478734,-73.568586
SO11,Maison de Jeunes de PSC L'Adozone,"1850 Rue Grand Trunk, Montreal, QC H3K 1N9",45.481343,-73.561665,SO06,Mission of the great Shepherd,"2510 Centre St, Montreal, QC H3K 1J8",45.478924,-73.568314
SO16,Pro-Vert Sud Ouest,"75 Rue du Square Sir George Étienne Cartier, Montreal, QC H4C 3A1",45.473064,-73.583711,SO06,Mission of the great Shepherd,"2510 Centre St, Montreal, QC H3K 1J8",45.478924,-73.568314
SO18,Saint Columba House,"2365 Rue Grand Trunk, Montreal, QC H3K 1M8",45.478913,-73.565399,SO06,Mission of the great Shepherd,"2510 Centre St, Montreal, QC H3K 1J8",45.478924,-73.568314
SO19,Craig Sauvé/Projet Montreal,"1055 Boulevard René-Lévesque E, suite 1100, Montréal, QC H2L 4S5",45.516465999999994,-73.55528100000001,SO06,Mission of the great Shepherd,"2510 Centre St, Montreal, QC H3K 1J8",45.478924,-73.568314
SO01,Eco-Quartier/YMCA,"255 Avenue Ash, Montreal, QC H3K 2R1",45.478343,-73.55185300000001,SO07,Compost Montréal,"209A Rue Maria, Montréal, QC H4C 2N9",45.477127,-73.581227
SO15,Share the warmth/Partageons l'espoir,"625 Rue Fortune, Montreal, QC H3K 2R9",45.478148,-73.559401,SO07,Compost Montréal,"209A Rue Maria, Montréal, QC H4C 2N9",45.477127,-73.581227
SO19,Craig Sauvé/Projet Montreal,"1055 Boulevard René-Lévesque E, suite 1100, Montréal, QC H2L 4S5",45.516465999999994,-73.55528100000001,SO07,Compost Montréal,"209A Rue Maria, Montréal, QC H4C 2N9",45.477127,-73.581227
SO01,Eco-Quartier/YMCA,"255 Avenue Ash, Montreal, QC H3K 2R1",45.478343,-73.55185300000001,SO08,Coalition Petite Bourgogne/Marché Citoyen,"741 Rue des Seigneurs, Montreal, QC H3J 1Y2",45.489160999999996,-73.57209499999999
SO12,Maison de Jeunes L'Escampette,"525 Rue Dominion, Montreal, QC H3J 2B4",45.484598,-73.57345600000001,SO08,Coalition Petite Bourgogne/Marché Citoyen,"741 Rue des Seigneurs, Montreal, QC H3J 1Y2",45.489160999999996,-73.57209499999999
SO15,Share the warmth/Partageons l'espoir,"625 Rue Fortune, Montreal, QC H3K 2R9",45.478148,-73.559401,SO08,Coalition Petite Bourgogne/Marché Citoyen,"741 Rue des Seigneurs, Montreal, QC H3J 1Y2",45.489160999999996,-73.57209499999999
SO19,Craig Sauvé/Projet Montreal,"1055 Boulevard René-Lévesque E, suite 1100, Montréal, QC H2L 4S5",45.516465999999994,-73.55528100000001,SO08,Coalition Petite Bourgogne/Marché Citoyen,"741 Rue des Seigneurs, Montreal, QC H3J 1Y2",45.489160999999996,-73.57209499999999
SO20,Atelier 850,"850 Rue des Seigneurs, Montréal, QC H3J 1Y5",45.490185,-73.574646,SO08,Coalition Petite Bourgogne/Marché Citoyen,"741 Rue des Seigneurs, Montreal, QC H3J 1Y2",45.489160999999996,-73.57209499999999
SO21,Le Garde Manger pour Tous,"1945 Rue Mullins, Montreal, QC H3K 1M7",45.481327,-73.561369,SO08,Coalition Petite Bourgogne/Marché Citoyen,"741 Rue des Seigneurs, Montreal, QC H3J 1Y2",45.489160999999996,-73.57209499999999
SO01,Eco-Quartier/YMCA,"255 Avenue Ash, Montreal, QC H3K 2R1",45.478343,-73.55185300000001,SO09,Mission Bon Accueil,"4755 Rue Acorn, Montreal, QC H4C 3L6",45.472713,-73.591561
SO03,Maison D'Entreaide Ville Emard/Cote Saint Paul,"5999 Rue Drake, Montreal, QC H4E 4G8",45.457815999999994,-73.582391,SO09,Mission Bon Accueil,"4755 Rue Acorn, Montreal, QC H4C 3L6",45.472713,-73.591561
SO18,Saint Columba House,"2365 Rue Grand Trunk, Montreal, QC H3K 1M8",45.478913,-73.565399,SO09,Mission Bon Accueil,"4755 Rue Acorn, Montreal, QC H4C 3L6",45.472713,-73.591561
SO19,Craig Sauvé/Projet Montreal,"1055 Boulevard René-Lévesque E, suite 1100, Montréal, QC H2L 4S5",45.516465999999994,-73.55528100000001,SO09,Mission Bon Accueil,"4755 Rue Acorn, Montreal, QC H4C 3L6",45.472713,-73.591561
SO15,Share the warmth/Partageons l'espoir,"625 Rue Fortune, Montreal, QC H3K 2R9",45.478148,-73.559401,SO10,Maison du Partage d'Youville,"2221 Rue de Coleraine, Montreal, QC H3K 1S2",45.477790999999996,-73.561915
SO16,Pro-Vert Sud Ouest,"75 Rue du Square Sir George Étienne Cartier, Montreal, QC H4C 3A1",45.473064,-73.583711,SO10,Maison du Partage d'Youville,"2221 Rue de Coleraine, Montreal, QC H3K 1S2",45.477790999999996,-73.561915
SO18,Saint Columba House,"2365 Rue Grand Trunk, Montreal, QC H3K 1M8",45.478913,-73.565399,SO10,Maison du Partage d'Youville,"2221 Rue de Coleraine, Montreal, QC H3K 1S2",45.477790999999996,-73.561915
SO19,Craig Sauvé/Projet Montreal,"1055 Boulevard René-Lévesque E, suite 1100, Montréal, QC H2L 4S5",45.516465999999994,-73.55528100000001,SO10,Maison du Partage d'Youville,"2221 Rue de Coleraine, Montreal, QC H3K 1S2",45.477790999999996,-73.561915
SO06,Mission of the great Shepherd,"2510 Centre St, Montreal, QC H3K 1J8",45.478924,-73.568314,SO11,Maison de Jeunes de PSC L'Adozone,"1850 Rue Grand Trunk, Montreal, QC H3K 1N9",45.481343,-73.561665
SO10,Maison du Partage d'Youville,"2221 Rue de Coleraine, Montreal, QC H3K 1S2",45.477790999999996,-73.561915,SO11,Maison de Jeunes de PSC L'Adozone,"1850 Rue Grand Trunk, Montreal, QC H3K 1N9",45.481343,-73.561665
SO12,Maison de Jeunes L'Escampette,"525 Rue Dominion, Montreal, QC H3J 2B4",45.484598,-73.57345600000001,SO11,Maison de Jeunes de PSC L'Adozone,"1850 Rue Grand Trunk, Montreal, QC H3K 1N9",45.481343,-73.561665
SO13,Club Populaire des Consommateurs,"1956 Rue Grand Trunk, Montreal, QC H3K 1N9",45.481343,-73.561665,SO11,Maison de Jeunes de PSC L'Adozone,"1850 Rue Grand Trunk, Montreal, QC H3K 1N9",45.481343,-73.561665
SO16,Pro-Vert Sud Ouest,"75 Rue du Square Sir George Étienne Cartier, Montreal, QC H4C 3A1",45.473064,-73.583711,SO11,Maison de Jeunes de PSC L'Adozone,"1850 Rue Grand Trunk, Montreal, QC H3K 1N9",45.481343,-73.561665
SO18,Saint Columba House,"2365 Rue Grand Trunk, Montreal, QC H3K 1M8",45.478913,-73.565399,SO11,Maison de Jeunes de PSC L'Adozone,"1850 Rue Grand Trunk, Montreal, QC H3K 1N9",45.481343,-73.561665
SO19,Craig Sauvé/Projet Montreal,"1055 Boulevard René-Lévesque E, suite 1100, Montréal, QC H2L 4S5",45.516465999999994,-73.55528100000001,SO11,Maison de Jeunes de PSC L'Adozone,"1850 Rue Grand Trunk, Montreal, QC H3K 1N9",45.481343,-73.561665
SO11,Maison de Jeunes de PSC L'Adozone,"1850 Rue Grand Trunk, Montreal, QC H3K 1N9",45.481343,-73.561665,SO12,Maison de Jeunes L'Escampette,"525 Rue Dominion, Montreal, QC H3J 2B4",45.484598,-73.57345600000001
SO16,Pro-Vert Sud Ouest,"75 Rue du Square Sir George Étienne Cartier, Montreal, QC H4C 3A1",45.473064,-73.583711,SO12,Maison de Jeunes L'Escampette,"525 Rue Dominion, Montreal, QC H3J 2B4",45.484598,-73.57345600000001
SO19,Craig Sauvé/Projet Montreal,"1055 Boulevard René-Lévesque E, suite 1100, Montréal, QC H2L 4S5",45.516465999999994,-73.55528100000001,SO12,Maison de Jeunes L'Escampette,"525 Rue Dominion, Montreal, QC H3J 2B4",45.484598,-73.57345600000001
SO20,Atelier 850,"850 Rue des Seigneurs, Montréal, QC H3J 1Y5",45.490185,-73.574646,SO12,Maison de Jeunes L'Escampette,"525 Rue Dominion, Montreal, QC H3J 2B4",45.484598,-73.57345600000001
SO01,Eco-Quartier/YMCA,"255 Avenue Ash, Montreal, QC H3K 2R1",45.478343,-73.55185300000001,SO13,Club Populaire des Consommateurs,"1956 Rue Grand Trunk, Montreal, QC H3K 1N9",45.481343,-73.561665
SO03,Maison D'Entreaide Ville Emard/Cote Saint Paul,"5999 Rue Drake, Montreal, QC H4E 4G8",45.457815999999994,-73.582391,SO13,Club Populaire des Consommateurs,"1956 Rue Grand Trunk, Montreal, QC H3K 1N9",45.481343,-73.561665
SO05,Action Gardien,"2533 Rue du Centre, Montreal, QC H3K 1J9",45.478734,-73.568586,SO13,Club Populaire des Consommateurs,"1956 Rue Grand Trunk, Montreal, QC H3K 1N9",45.481343,-73.561665
SO11,Maison de Jeunes de PSC L'Adozone,"1850 Rue Grand Trunk, Montreal, QC H3K 1N9",45.481343,-73.561665,SO13,Club Populaire des Consommateurs,"1956 Rue Grand Trunk, Montreal, QC H3K 1N9",45.481343,-73.561665
SO15,Share the warmth/Partageons l'espoir,"625 Rue Fortune, Montreal, QC H3K 2R9",45.478148,-73.559401,SO13,Club Populaire des Consommateurs,"1956 Rue Grand Trunk, Montreal, QC H3K 1N9",45.481343,-73.561665
SO17,Batiment 7 / Collectif 7 à nous,"1950 Rue du Centre, Montreal, QC H3K 1J2",45.482094000000004,-73.56312199999999,SO13,Club Populaire des Consommateurs,"1956 Rue Grand Trunk, Montreal, QC H3K 1N9",45.481343,-73.561665
SO18,Saint Columba House,"2365 Rue Grand Trunk, Montreal, QC H3K 1M8",45.478913,-73.565399,SO13,Club Populaire des Consommateurs,"1956 Rue Grand Trunk, Montreal, QC H3K 1N9",45.481343,-73.561665
SO19,Craig Sauvé/Projet Montreal,"1055 Boulevard René-Lévesque E, suite 1100, Montréal, QC H2L 4S5",45.516465999999994,-73.55528100000001,SO13,Club Populaire des Consommateurs,"1956 Rue Grand Trunk, Montreal, QC H3K 1N9",45.481343,-73.561665
SO10,Maison du Partage d'Youville,"2221 Rue de Coleraine, Montreal, QC H3K 1S2",45.477790999999996,-73.561915,SO14,DESTA Black Youth Network,"1950 Saint-Antoine St W, Montreal, QC H3J 1A5",45.489574,-73.575462
SO12,Maison de Jeunes L'Escampette,"525 Rue Dominion, Montreal, QC H3J 2B4",45.484598,-73.57345600000001,SO14,DESTA Black Youth Network,"1950 Saint-Antoine St W, Montreal, QC H3J 1A5",45.489574,-73.575462
SO19,Craig Sauvé/Projet Montreal,"1055 Boulevard René-Lévesque E, suite 1100, Montréal, QC H2L 4S5",45.516465999999994,-73.55528100000001,SO14,DESTA Black Youth Network,"1950 Saint-Antoine St W, Montreal, QC H3J 1A5",45.489574,-73.575462
SO20,Atelier 850,"850 Rue des Seigneurs, Montréal, QC H3J 1Y5",45.490185,-73.574646,SO14,DESTA Black Youth Network,"1950 Saint-Antoine St W, Montreal, QC H3J 1A5",45.489574,-73.575462
SO01,Eco-Quartier/YMCA,"255 Avenue Ash, Montreal, QC H3K 2R1",45.478343,-73.55185300000001,SO15,Share the warmth/Partageons l'espoir,"625 Rue Fortune, Montreal, QC H3K 2R9",45.478148,-73.559401
SO05,Action Gardien,"2533 Rue du Centre, Montreal, QC H3K 1J9",45.478734,-73.568586,SO15,Share the warmth/Partageons l'espoir,"625 Rue Fortune, Montreal, QC H3K 2R9",45.478148,-73.559401
SO07,Compost Montréal,"209A Rue Maria, Montréal, QC H4C 2N9",45.477127,-73.581227,SO15,Share the warmth/Partageons l'espoir,"625 Rue Fortune, Montreal, QC H3K 2R9",45.478148,-73.559401
SO08,Coalition Petite Bourgogne/Marché Citoyen,"741 Rue des Seigneurs, Montreal, QC H3J 1Y2",45.489160999999996,-73.57209499999999,SO15,Share the warmth/Partageons l'espoir,"625 Rue Fortune, Montreal, QC H3K 2R9",45.478148,-73.559401
SO11,Maison de Jeunes de PSC L'Adozone,"1850 Rue Grand Trunk, Montreal, QC H3K 1N9",45.481343,-73.561665,SO15,Share the warmth/Partageons l'espoir,"625 Rue Fortune, Montreal, QC H3K 2R9",45.478148,-73.559401
SO17,Batiment 7 / Collectif 7 à nous,"1950 Rue du Centre, Montreal, QC H3K 1J2",45.482094000000004,-73.56312199999999,SO15,Share the warmth/Partageons l'espoir,"625 Rue Fortune, Montreal, QC H3K 2R9",45.478148,-73.559401
SO18,Saint Columba House,"2365 Rue Grand Trunk, Montreal, QC H3K 1M8",45.478913,-73.565399,SO15,Share the warmth/Partageons l'espoir,"625 Rue Fortune, Montreal, QC H3K 2R9",45.478148,-73.559401
SO19,Craig Sauvé/Projet Montreal,"1055 Boulevard René-Lévesque E, suite 1100, Montréal, QC H2L 4S5",45.516465999999994,-73.55528100000001,SO15,Share the warmth/Partageons l'espoir,"625 Rue Fortune, Montreal, QC H3K 2R9",45.478148,-73.559401
SO02,CRCS St-Zotique,"75 Rue du Square Sir George Étienne Cartier, Montréal, QC H4C 3A1",45.473064,-73.583711,SO16,Pro-Vert Sud Ouest,"75 Rue du Square Sir George Étienne Cartier, Montreal, QC H4C 3A1",45.473064,-73.583711
SO03,Maison D'Entreaide Ville Emard/Cote Saint Paul,"5999 Rue Drake, Montreal, QC H4E 4G8",45.457815999999994,-73.582391,SO16,Pro-Vert Sud Ouest,"75 Rue du Square Sir George Étienne Cartier, Montreal, QC H4C 3A1",45.473064,-73.583711
SO09,Mission Bon Accueil,"4755 Rue Acorn, Montreal, QC H4C 3L6",45.472713,-73.591561,SO16,Pro-Vert Sud Ouest,"75 Rue du Square Sir George Étienne Cartier, Montreal, QC H4C 3A1",45.473064,-73.583711
SO15,Share the warmth/Partageons l'espoir,"625 Rue Fortune, Montreal, QC H3K 2R9",45.478148,-73.559401,SO16,Pro-Vert Sud Ouest,"75 Rue du Square Sir George Étienne Cartier, Montreal, QC H4C 3A1",45.473064,-73.583711
SO19,Craig Sauvé/Projet Montreal,"1055 Boulevard René-Lévesque E, suite 1100, Montréal, QC H2L 4S5",45.516465999999994,-73.55528100000001,SO16,Pro-Vert Sud Ouest,"75 Rue du Square Sir George Étienne Cartier, Montreal, QC H4C 3A1",45.473064,-73.583711
SO20,Atelier 850,"850 Rue des Seigneurs, Montréal, QC H3J 1Y5",45.490185,-73.574646,SO16,Pro-Vert Sud Ouest,"75 Rue du Square Sir George Étienne Cartier, Montreal, QC H4C 3A1",45.473064,-73.583711
SO01,Eco-Quartier/YMCA,"255 Avenue Ash, Montreal, QC H3K 2R1",45.478343,-73.55185300000001,SO17,Batiment 7 / Collectif 7 à nous,"1950 Rue du Centre, Montreal, QC H3K 1J2",45.482094000000004,-73.56312199999999
SO05,Action Gardien,"2533 Rue du Centre, Montreal, QC H3K 1J9",45.478734,-73.568586,SO17,Batiment 7 / Collectif 7 à nous,"1950 Rue du Centre, Montreal, QC H3K 1J2",45.482094000000004,-73.56312199999999
SO13,Club Populaire des Consommateurs,"1956 Rue Grand Trunk, Montreal, QC H3K 1N9",45.481343,-73.561665,SO17,Batiment 7 / Collectif 7 à nous,"1950 Rue du Centre, Montreal, QC H3K 1J2",45.482094000000004,-73.56312199999999
SO15,Share the warmth/Partageons l'espoir,"625 Rue Fortune, Montreal, QC H3K 2R9",45.478148,-73.559401,SO17,Batiment 7 / Collectif 7 à nous,"1950 Rue du Centre, Montreal, QC H3K 1J2",45.482094000000004,-73.56312199999999
SO16,Pro-Vert Sud Ouest,"75 Rue du Square Sir George Étienne Cartier, Montreal, QC H4C 3A1",45.473064,-73.583711,SO17,Batiment 7 / Collectif 7 à nous,"1950 Rue du Centre, Montreal, QC H3K 1J2",45.482094000000004,-73.56312199999999
SO19,Craig Sauvé/Projet Montreal,"1055 Boulevard René-Lévesque E, suite 1100, Montréal, QC H2L 4S5",45.516465999999994,-73.55528100000001,SO17,Batiment 7 / Collectif 7 à nous,"1950 Rue du Centre, Montreal, QC H3K 1J2",45.482094000000004,-73.56312199999999
SO20,Atelier 850,"850 Rue des Seigneurs, Montréal, QC H3J 1Y5",45.490185,-73.574646,SO17,Batiment 7 / Collectif 7 à nous,"1950 Rue du Centre, Montreal, QC H3K 1J2",45.482094000000004,-73.56312199999999
SO05,Action Gardien,"2533 Rue du Centre, Montreal, QC H3K 1J9",45.478734,-73.568586,SO18,Saint Columba House,"2365 Rue Grand Trunk, Montreal, QC H3K 1M8",45.478913,-73.565399
SO06,Mission of the great Shepherd,"2510 Centre St, Montreal, QC H3K 1J8",45.478924,-73.568314,SO18,Saint Columba House,"2365 Rue Grand Trunk, Montreal, QC H3K 1M8",45.478913,-73.565399
SO07,Compost Montréal,"209A Rue Maria, Montréal, QC H4C 2N9",45.477127,-73.581227,SO18,Saint Columba House,"2365 Rue Grand Trunk, Montreal, QC H3K 1M8",45.478913,-73.565399
SO11,Maison de Jeunes de PSC L'Adozone,"1850 Rue Grand Trunk, Montreal, QC H3K 1N9",45.481343,-73.561665,SO18,Saint Columba House,"2365 Rue Grand Trunk, Montreal, QC H3K 1M8",45.478913,-73.565399
SO13,Club Populaire des Consommateurs,"1956 Rue Grand Trunk, Montreal, QC H3K 1N9",45.481343,-73.561665,SO18,Saint Columba House,"2365 Rue Grand Trunk, Montreal, QC H3K 1M8",45.478913,-73.565399
SO15,Share the warmth/Partageons l'espoir,"625 Rue Fortune, Montreal, QC H3K 2R9",45.478148,-73.559401,SO18,Saint Columba House,"2365 Rue Grand Trunk, Montreal, QC H3K 1M8",45.478913,-73.565399
SO17,Batiment 7 / Collectif 7 à nous,"1950 Rue du Centre, Montreal, QC H3K 1J2",45.482094000000004,-73.56312199999999,SO18,Saint Columba House,"2365 Rue Grand Trunk, Montreal, QC H3K 1M8",45.478913,-73.565399
SO19,Craig Sauvé/Projet Montreal,"1055 Boulevard René-Lévesque E, suite 1100, Montréal, QC H2L 4S5",45.516465999999994,-73.55528100000001,SO18,Saint Columba House,"2365 Rue Grand Trunk, Montreal, QC H3K 1M8",45.478913,-73.565399
SO05,Action Gardien,"2533 Rue du Centre, Montreal, QC H3K 1J9",45.478734,-73.568586,SO19,Craig Sauvé/Projet Montreal,"1055 Boulevard René-Lévesque E, suite 1100, Montréal, QC H2L 4S5",45.516465999999994,-73.55528100000001
SO10,Maison du Partage d'Youville,"2221 Rue de Coleraine, Montreal, QC H3K 1S2",45.477790999999996,-73.561915,SO19,Craig Sauvé/Projet Montreal,"1055 Boulevard René-Lévesque E, suite 1100, Montréal, QC H2L 4S5",45.516465999999994,-73.55528100000001
SO14,DESTA Black Youth Network,"1950 Saint-Antoine St W, Montreal, QC H3J 1A5",45.489574,-73.575462,SO19,Craig Sauvé/Projet Montreal,"1055 Boulevard René-Lévesque E, suite 1100, Montréal, QC H2L 4S5",45.516465999999994,-73.55528100000001
SO01,Eco-Quartier/YMCA,"255 Avenue Ash, Montreal, QC H3K 2R1",45.478343,-73.55185300000001,SO20,Atelier 850,"850 Rue des Seigneurs, Montréal, QC H3J 1Y5",45.490185,-73.574646
SO05,Action Gardien,"2533 Rue du Centre, Montreal, QC H3K 1J9",45.478734,-73.568586,SO20,Atelier 850,"850 Rue des Seigneurs, Montréal, QC H3J 1Y5",45.490185,-73.574646
SO08,Coalition Petite Bourgogne/Marché Citoyen,"741 Rue des Seigneurs, Montreal, QC H3J 1Y2",45.489160999999996,-73.57209499999999,SO20,Atelier 850,"850 Rue des Seigneurs, Montréal, QC H3J 1Y5",45.490185,-73.574646
SO10,Maison du Partage d'Youville,"2221 Rue de Coleraine, Montreal, QC H3K 1S2",45.477790999999996,-73.561915,SO20,Atelier 850,"850 Rue des Seigneurs, Montréal, QC H3J 1Y5",45.490185,-73.574646
SO12,Maison de Jeunes L'Escampette,"525 Rue Dominion, Montreal, QC H3J 2B4",45.484598,-73.57345600000001,SO20,Atelier 850,"850 Rue des Seigneurs, Montréal, QC H3J 1Y5",45.490185,-73.574646
SO14,DESTA Black Youth Network,"1950 Saint-Antoine St W, Montreal, QC H3J 1A5",45.489574,-73.575462,SO20,Atelier 850,"850 Rue des Seigneurs, Montréal, QC H3J 1Y5",45.490185,-73.574646
SO19,Craig Sauvé/Projet Montreal,"1055 Boulevard René-Lévesque E, suite 1100, Montréal, QC H2L 4S5",45.516465999999994,-73.55528100000001,SO20,Atelier 850,"850 Rue des Seigneurs, Montréal, QC H3J 1Y5",45.490185,-73.574646
SO21,Le Garde Manger pour Tous,"1945 Rue Mullins, Montreal, QC H3K 1M7",45.481327,-73.561369,SO20,Atelier 850,"850 Rue des Seigneurs, Montréal, QC H3J 1Y5",45.490185,-73.574646
SO01,Eco-Quartier/YMCA,"255 Avenue Ash, Montreal, QC H3K 2R1",45.478343,-73.55185300000001,SO21,Le Garde Manger pour Tous,"1945 Rue Mullins, Montreal, QC H3K 1M7",45.481327,-73.561369
SO08,Coalition Petite Bourgogne/Marché Citoyen,"741 Rue des Seigneurs, Montreal, QC H3J 1Y2",45.489160999999996,-73.57209499999999,SO21,Le Garde Manger pour Tous,"1945 Rue Mullins, Montreal, QC H3K 1M7",45.481327,-73.561369
SO19,Craig Sauvé/Projet Montreal,"1055 Boulevard René-Lévesque E, suite 1100, Montréal, QC H2L 4S5",45.516465999999994,-73.55528100000001,SO21,Le Garde Manger pour Tous,"1945 Rue Mullins, Montreal, QC H3K 1M7",45.481327,-73.561369
SO20,Atelier 850,"850 Rue des Seigneurs, Montréal, QC H3J 1Y5",45.490185,-73.574646,SO21,Le Garde Manger pour Tous,"1945 Rue Mullins, Montreal, QC H3K 1M7",45.481327,-73.561369
SO01,Eco-Quartier/YMCA,"255 Avenue Ash, Montreal, QC H3K 2R1",45.478343,-73.55185300000001,SO22,CEDA (Comité d'éducation aux adultes),"2515 Rue Delisle, Montréal, QC H3J 1K8",45.48383,-73.576727
SO03,Maison D'Entreaide Ville Emard/Cote Saint Paul,"5999 Rue Drake, Montreal, QC H4E 4G8",45.457815999999994,-73.582391,SO22,CEDA (Comité d'éducation aux adultes),"2515 Rue Delisle, Montréal, QC H3J 1K8",45.48383,-73.576727
SO12,Maison de Jeunes L'Escampette,"525 Rue Dominion, Montreal, QC H3J 2B4",45.484598,-73.57345600000001,SO22,CEDA (Comité d'éducation aux adultes),"2515 Rue Delisle, Montréal, QC H3J 1K8",45.48383,-73.576727
SO15,Share the warmth/Partageons l'espoir,"625 Rue Fortune, Montreal, QC H3K 2R9",45.478148,-73.559401,SO22,CEDA (Comité d'éducation aux adultes),"2515 Rue Delisle, Montréal, QC H3J 1K8",45.48383,-73.576727
SO19,Craig Sauvé/Projet Montreal,"1055 Boulevard René-Lévesque E, suite 1100, Montréal, QC H2L 4S5",45.516465999999994,-73.55528100000001,SO22,CEDA (Comité d'éducation aux adultes),"2515 Rue Delisle, Montréal, QC H3J 1K8",45.48383,-73.576727
SO01,Eco-Quartier/YMCA,"255 Avenue Ash, Montreal, QC H3K 2R1",45.478343,-73.55185300000001,SO23,Centre Communautaire Saint-Antoine 50+,"2338 Rue Saint-Antoine Ouest, Montreal, Québec H3J 1A8",45.487648,-73.57802
SO03,Maison D'Entreaide Ville Emard/Cote Saint Paul,"5999 Rue Drake, Montreal, QC H4E 4G8",45.457815999999994,-73.582391,SO23,Centre Communautaire Saint-Antoine 50+,"2338 Rue Saint-Antoine Ouest, Montreal, Québec H3J 1A8",45.487648,-73.57802
SO16,Pro-Vert Sud Ouest,"75 Rue du Square Sir George Étienne Cartier, Montreal, QC H4C 3A1",45.473064,-73.583711,SO23,Centre Communautaire Saint-Antoine 50+,"2338 Rue Saint-Antoine Ouest, Montreal, Québec H3J 1A8",45.487648,-73.57802
SO19,Craig Sauvé/Projet Montreal,"1055 Boulevard René-Lévesque E, suite 1100, Montréal, QC H2L 4S5",45.516465999999994,-73.55528100000001,SO23,Centre Communautaire Saint-Antoine 50+,"2338 Rue Saint-Antoine Ouest, Montreal, Québec H3J 1A8",45.487648,-73.57802
SO08,Coalition Petite Bourgogne/Marché Citoyen,"741 Rue des Seigneurs, Montreal, QC H3J 1Y2",45.489160999999996,-73.57209499999999,SO24,Amitié soleil,"715 Rue Chatham, Montréal, QC H3J 1Z3",45.488821,-73.57312900000001
SO12,Maison de Jeunes L'Escampette,"525 Rue Dominion, Montreal, QC H3J 2B4",45.484598,-73.57345600000001,SO24,Amitié soleil,"715 Rue Chatham, Montréal, QC H3J 1Z3",45.488821,-73.57312900000001
SO19,Craig Sauvé/Projet Montreal,"1055 Boulevard René-Lévesque E, suite 1100, Montréal, QC H2L 4S5",45.516465999999994,-73.55528100000001,SO24,Amitié soleil,"715 Rue Chatham, Montréal, QC H3J 1Z3",45.488821,-73.57312900000001
SO20,Atelier 850,"850 Rue des Seigneurs, Montréal, QC H3J 1Y5",45.490185,-73.574646,SO24,Amitié soleil,"715 Rue Chatham, Montréal, QC H3J 1Z3",45.488821,-73.57312900000001
SO21,Le Garde Manger pour Tous,"1945 Rue Mullins, Montreal, QC H3K 1M7",45.481327,-73.561369,SO24,Amitié soleil,"715 Rue Chatham, Montréal, QC H3J 1Z3",45.488821,-73.57312900000001
SO03,Maison D'Entreaide Ville Emard/Cote Saint Paul,"5999 Rue Drake, Montreal, QC H4E 4G8",45.457815999999994,-73.582391,SO25,ACHIM,"5940 Boulevard Monk, Montréal, QC H4E 3H4",45.459226,-73.596029
SO16,Pro-Vert Sud Ouest,"75 Rue du Square Sir George Étienne Cartier, Montreal, QC H4C 3A1",45.473064,-73.583711,SO25,ACHIM,"5940 Boulevard Monk, Montréal, QC H4E 3H4",45.459226,-73.596029
SO19,Craig Sauvé/Projet Montreal,"1055 Boulevard René-Lévesque E, suite 1100, Montréal, QC H2L 4S5",45.516465999999994,-73.55528100000001,SO25,ACHIM,"5940 Boulevard Monk, Montréal, QC H4E 3H4",45.459226,-73.596029
SO01,Eco-Quartier/YMCA,"255 Avenue Ash, Montreal, QC H3K 2R1",45.478343,-73.55185300000001,SO26,Famijeunes,"3904 Notre-Dame St W, Montreal, Quebec H4C 1R1",45.478307,-73.582902
SO09,Mission Bon Accueil,"4755 Rue Acorn, Montreal, QC H4C 3L6",45.472713,-73.591561,SO26,Famijeunes,"3904 Notre-Dame St W, Montreal, Quebec H4C 1R1",45.478307,-73.582902
SO16,Pro-Vert Sud Ouest,"75 Rue du Square Sir George Étienne Cartier, Montreal, QC H4C 3A1",45.473064,-73.583711,SO26,Famijeunes,"3904 Notre-Dame St W, Montreal, Quebec H4C 1R1",45.478307,-73.582902
SO19,Craig Sauvé/Projet Montreal,"1055 Boulevard René-Lévesque E, suite 1100, Montréal, QC H2L 4S5",45.516465999999994,-73.55528100000001,SO26,Famijeunes,"3904 Notre-Dame St W, Montreal, Quebec H4C 1R1",45.478307,-73.582902
SO16,Pro-Vert Sud Ouest,"75 Rue du Square Sir George Étienne Cartier, Montreal, QC H4C 3A1",45.473064,-73.583711,SO27,Jardin communautaire Bons Voisin,"Rue Turgeon et Rue Sainte-Emilie, Rivière-des-Prairies-Pointe-aux-Trembles, Montreal, QC H4C 1Z7",45.478058000000004,-73.57981
SO19,Craig Sauvé/Projet Montreal,"1055 Boulevard René-Lévesque E, suite 1100, Montréal, QC H2L 4S5",45.516465999999994,-73.55528100000001,SO27,Jardin communautaire Bons Voisin,"Rue Turgeon et Rue Sainte-Emilie, Rivière-des-Prairies-Pointe-aux-Trembles, Montreal, QC H4C 1Z7",45.478058000000004,-73.57981
SO01,Eco-Quartier/YMCA,"255 Avenue Ash, Montreal, QC H3K 2R1",45.478343,-73.55185300000001,SO28,Jardin communautaire Des Seigneurs,"719 Rue des Seigneurs, Montréal, QC H3J 1Y2",45.489187,-73.57213
SO16,Pro-Vert Sud Ouest,"75 Rue du Square Sir George Étienne Cartier, Montreal, QC H4C 3A1",45.473064,-73.583711,SO28,Jardin communautaire Des Seigneurs,"719 Rue des Seigneurs, Montréal, QC H3J 1Y2",45.489187,-73.57213
SO19,Craig Sauvé/Projet Montreal,"1055 Boulevard René-Lévesque E, suite 1100, Montréal, QC H2L 4S5",45.516465999999994,-73.55528100000001,SO28,Jardin communautaire Des Seigneurs,"719 Rue des Seigneurs, Montréal, QC H3J 1Y2",45.489187,-73.57213
SO20,Atelier 850,"850 Rue des Seigneurs, Montréal, QC H3J 1Y5",45.490185,-73.574646,SO28,Jardin communautaire Des Seigneurs,"719 Rue des Seigneurs, Montréal, QC H3J 1Y2",45.489187,-73.57213
SO01,Eco-Quartier/YMCA,"255 Avenue Ash, Montreal, QC H3K 2R1",45.478343,-73.55185300000001,SO29,Jardin comunautaire de la Petite-Bourgogne,"2263 Rue Quesnel, Montréal, QC H3J 1G3",45.487039,-73.57567
SO16,Pro-Vert Sud Ouest,"75 Rue du Square Sir George Étienne Cartier, Montreal, QC H4C 3A1",45.473064,-73.583711,SO29,Jardin comunautaire de la Petite-Bourgogne,"2263 Rue Quesnel, Montréal, QC H3J 1G3",45.487039,-73.57567
SO19,Craig Sauvé/Projet Montreal,"1055 Boulevard René-Lévesque E, suite 1100, Montréal, QC H2L 4S5",45.516465999999994,-73.55528100000001,SO29,Jardin comunautaire de la Petite-Bourgogne,"2263 Rue Quesnel, Montréal, QC H3J 1G3",45.487039,-73.57567
SO20,Atelier 850,"850 Rue des Seigneurs, Montréal, QC H3J 1Y5",45.490185,-73.574646,SO29,Jardin comunautaire de la Petite-Bourgogne,"2263 Rue Quesnel, Montréal, QC H3J 1G3",45.487039,-73.57567
SO03,Maison D'Entreaide Ville Emard/Cote Saint Paul,"5999 Rue Drake, Montreal, QC H4E 4G8",45.457815999999994,-73.582391,SO30,Jardin communautaire Angrignon,"3400 Boulevard des Trinitaires. Montreal, QC H4E 4J3",45.444520000000004,-73.601732
SO15,Share the warmth/Partageons l'espoir,"625 Rue Fortune, Montreal, QC H3K 2R9",45.478148,-73.559401,SO30,Jardin communautaire Angrignon,"3400 Boulevard des Trinitaires. Montreal, QC H4E 4J3",45.444520000000004,-73.601732
SO16,Pro-Vert Sud Ouest,"75 Rue du Square Sir George Étienne Cartier, Montreal, QC H4C 3A1",45.473064,-73.583711,SO30,Jardin communautaire Angrignon,"3400 Boulevard des Trinitaires. Montreal, QC H4E 4J3",45.444520000000004,-73.601732
SO19,Craig Sauvé/Projet Montreal,"1055 Boulevard René-Lévesque E, suite 1100, Montréal, QC H2L 4S5",45.516465999999994,-73.55528100000001,SO30,Jardin communautaire Angrignon,"3400 Boulevard des Trinitaires. Montreal, QC H4E 4J3",45.444520000000004,-73.601732
SO01,Eco-Quartier/YMCA,"255 Avenue Ash, Montreal, QC H3K 2R1",45.478343,-73.55185300000001,SO31,Maison Benedict Labre,"4561 Notre-Dame St W, Montreal, Quebec H4C 1S3",45.474142,-73.58820300000001
SO16,Pro-Vert Sud Ouest,"75 Rue du Square Sir George Étienne Cartier, Montreal, QC H4C 3A1",45.473064,-73.583711,SO31,Maison Benedict Labre,"4561 Notre-Dame St W, Montreal, Quebec H4C 1S3",45.474142,-73.58820300000001
SO19,Craig Sauvé/Projet Montreal,"1055 Boulevard René-Lévesque E, suite 1100, Montréal, QC H2L 4S5",45.516465999999994,-73.55528100000001,SO31,Maison Benedict Labre,"4561 Notre-Dame St W, Montreal, Quebec H4C 1S3",45.474142,-73.58820300000001
SO01,Eco-Quartier/YMCA,"255 Avenue Ash, Montreal, QC H3K 2R1",45.478343,-73.55185300000001,SO32,Milieu Educatif La Source,"75 Rue du Square Sir George Étienne Cartier, Montréal, QC H4C 3A1",45.473064,-73.583711
SO02,CRCS St-Zotique,"75 Rue du Square Sir George Étienne Cartier, Montréal, QC H4C 3A1",45.473064,-73.583711,SO32,Milieu Educatif La Source,"75 Rue du Square Sir George Étienne Cartier, Montréal, QC H4C 3A1",45.473064,-73.583711
SO19,Craig Sauvé/Projet Montreal,"1055 Boulevard René-Lévesque E, suite 1100, Montréal, QC H2L 4S5",45.516465999999994,-73.55528100000001,SO32,Milieu Educatif La Source,"75 Rue du Square Sir George Étienne Cartier, Montréal, QC H4C 3A1",45.473064,-73.583711
SO03,Maison D'Entreaide Ville Emard/Cote Saint Paul,"5999 Rue Drake, Montreal, QC H4E 4G8",45.457815999999994,-73.582391,SO33,ROPASOM,"5335 Notre-Dame St W, Montreal, Quebec H4C 3L3",45.469063,-73.594945
SO16,Pro-Vert Sud Ouest,"75 Rue du Square Sir George Étienne Cartier, Montreal, QC H4C 3A1",45.473064,-73.583711,SO33,ROPASOM,"5335 Notre-Dame St W, Montreal, Quebec H4C 3L3",45.469063,-73.594945
SO19,Craig Sauvé/Projet Montreal,"1055 Boulevard René-Lévesque E, suite 1100, Montréal, QC H2L 4S5",45.516465999999994,-73.55528100000001,SO33,ROPASOM,"5335 Notre-Dame St W, Montreal, Quebec H4C 3L3",45.469063,-73.594945
SO16,Pro-Vert Sud Ouest,"75 Rue du Square Sir George Étienne Cartier, Montreal, QC H4C 3A1",45.473064,-73.583711,SO34,Le Comité des Citoyens du Village des Tanneries,Dsibanded,,
SO19,Craig Sauvé/Projet Montreal,"1055 Boulevard René-Lévesque E, suite 1100, Montréal, QC H2L 4S5",45.516465999999994,-73.55528100000001,SO34,Le Comité des Citoyens du Village des Tanneries,Dsibanded,,
SO01,Eco-Quartier/YMCA,"255 Avenue Ash, Montreal, QC H3K 2R1",45.478343,-73.55185300000001,SO35,Concertation Saint Paul/Emard,"6389 Boulevard Monk, Montreal, QC H4E 3H8",45.454701,-73.594824
SO15,Share the warmth/Partageons l'espoir,"625 Rue Fortune, Montreal, QC H3K 2R9",45.478148,-73.559401,SO35,Concertation Saint Paul/Emard,"6389 Boulevard Monk, Montreal, QC H4E 3H8",45.454701,-73.594824
SO19,Craig Sauvé/Projet Montreal,"1055 Boulevard René-Lévesque E, suite 1100, Montréal, QC H2L 4S5",45.516465999999994,-73.55528100000001,SO35,Concertation Saint Paul/Emard,"6389 Boulevard Monk, Montreal, QC H4E 3H8",45.454701,-73.594824
SO01,Eco-Quartier/YMCA,"255 Avenue Ash, Montreal, QC H3K 2R1",45.478343,-73.55185300000001,SO36,Equipe Mobile en Alimentation,"1845 St Jacques St, Montreal, Quebec H3J 1H1",45.490199,-73.573166
SO16,Pro-Vert Sud Ouest,"75 Rue du Square Sir George Étienne Cartier, Montreal, QC H4C 3A1",45.473064,-73.583711,SO36,Equipe Mobile en Alimentation,"1845 St Jacques St, Montreal, Quebec H3J 1H1",45.490199,-73.573166
SO19,Craig Sauvé/Projet Montreal,"1055 Boulevard René-Lévesque E, suite 1100, Montréal, QC H2L 4S5",45.516465999999994,-73.55528100000001,SO36,Equipe Mobile en Alimentation,"1845 St Jacques St, Montreal, Quebec H3J 1H1",45.490199,-73.573166
SO21,Le Garde Manger pour Tous,"1945 Rue Mullins, Montreal, QC H3K 1M7",45.481327,-73.561369,SO36,Equipe Mobile en Alimentation,"1845 St Jacques St, Montreal, Quebec H3J 1H1",45.490199,-73.573166
SO15,Share the warmth/Partageons l'espoir,"625 Rue Fortune, Montreal, QC H3K 2R9",45.478148,-73.559401,SO37,Action Santé,"2423 Rue Wellington, Montreal, QC H3K 1X5",45.474343,-73.561613
SO19,Craig Sauvé/Projet Montreal,"1055 Boulevard René-Lévesque E, suite 1100, Montréal, QC H2L 4S5",45.516465999999994,-73.55528100000001,SO37,Action Santé,"2423 Rue Wellington, Montreal, QC H3K 1X5",45.474343,-73.561613
SO01,Eco-Quartier/YMCA,"255 Avenue Ash, Montreal, QC H3K 2R1",45.478343,-73.55185300000001,SO38,Association Cooperative d'Economie Familiale (ACEF),"5955 Rue de Marseille, Montréal, QC H1N 1K6",45.574884000000004,-73.542303
SO03,Maison D'Entreaide Ville Emard/Cote Saint Paul,"5999 Rue Drake, Montreal, QC H4E 4G8",45.457815999999994,-73.582391,SO38,Association Cooperative d'Economie Familiale (ACEF),"5955 Rue de Marseille, Montréal, QC H1N 1K6",45.574884000000004,-73.542303
SO13,Club Populaire des Consommateurs,"1956 Rue Grand Trunk, Montreal, QC H3K 1N9",45.481343,-73.561665,SO38,Association Cooperative d'Economie Familiale (ACEF),"5955 Rue de Marseille, Montréal, QC H1N 1K6",45.574884000000004,-73.542303
SO16,Pro-Vert Sud Ouest,"75 Rue du Square Sir George Étienne Cartier, Montreal, QC H4C 3A1",45.473064,-73.583711,SO38,Association Cooperative d'Economie Familiale (ACEF),"5955 Rue de Marseille, Montréal, QC H1N 1K6",45.574884000000004,-73.542303
SO19,Craig Sauvé/Projet Montreal,"1055 Boulevard René-Lévesque E, suite 1100, Montréal, QC H2L 4S5",45.516465999999994,-73.55528100000001,SO38,Association Cooperative d'Economie Familiale (ACEF),"5955 Rue de Marseille, Montréal, QC H1N 1K6",45.574884000000004,-73.542303
SO03,Maison D'Entreaide Ville Emard/Cote Saint Paul,"5999 Rue Drake, Montreal, QC H4E 4G8",45.457815999999994,-73.582391,SO39,Auberge communautaire du Sud-Ouest,"4026 Wellington St, Verdun, Quebec H4G 3M6",45.463453,-73.56675899999999
SO16,Pro-Vert Sud Ouest,"75 Rue du Square Sir George Étienne Cartier, Montreal, QC H4C 3A1",45.473064,-73.583711,SO39,Auberge communautaire du Sud-Ouest,"4026 Wellington St, Verdun, Quebec H4G 3M6",45.463453,-73.56675899999999
SO19,Craig Sauvé/Projet Montreal,"1055 Boulevard René-Lévesque E, suite 1100, Montréal, QC H2L 4S5",45.516465999999994,-73.55528100000001,SO39,Auberge communautaire du Sud-Ouest,"4026 Wellington St, Verdun, Quebec H4G 3M6",45.463453,-73.56675899999999
SO11,Maison de Jeunes de PSC L'Adozone,"1850 Rue Grand Trunk, Montreal, QC H3K 1N9",45.481343,-73.561665,SO40,Carrefour D'5 Populaire Pointe St-Charles,"2356 Centre St, Montreal, Quebec H3K 1J7",45.479966999999995,-73.566575
SO13,Club Populaire des Consommateurs,"1956 Rue Grand Trunk, Montreal, QC H3K 1N9",45.481343,-73.561665,SO40,Carrefour D'5 Populaire Pointe St-Charles,"2356 Centre St, Montreal, Quebec H3K 1J7",45.479966999999995,-73.566575
SO15,Share the warmth/Partageons l'espoir,"625 Rue Fortune, Montreal, QC H3K 2R9",45.478148,-73.559401,SO40,Carrefour D'5 Populaire Pointe St-Charles,"2356 Centre St, Montreal, Quebec H3K 1J7",45.479966999999995,-73.566575
SO16,Pro-Vert Sud Ouest,"75 Rue du Square Sir George Étienne Cartier, Montreal, QC H4C 3A1",45.473064,-73.583711,SO40,Carrefour D'5 Populaire Pointe St-Charles,"2356 Centre St, Montreal, Quebec H3K 1J7",45.479966999999995,-73.566575
SO17,Batiment 7 / Collectif 7 à nous,"1950 Rue du Centre, Montreal, QC H3K 1J2",45.482094000000004,-73.56312199999999,SO40,Carrefour D'5 Populaire Pointe St-Charles,"2356 Centre St, Montreal, Quebec H3K 1J7",45.479966999999995,-73.566575
SO18,Saint Columba House,"2365 Rue Grand Trunk, Montreal, QC H3K 1M8",45.478913,-73.565399,SO40,Carrefour D'5 Populaire Pointe St-Charles,"2356 Centre St, Montreal, Quebec H3K 1J7",45.479966999999995,-73.566575
SO19,Craig Sauvé/Projet Montreal,"1055 Boulevard René-Lévesque E, suite 1100, Montréal, QC H2L 4S5",45.516465999999994,-73.55528100000001,SO40,Carrefour D'5 Populaire Pointe St-Charles,"2356 Centre St, Montreal, Quebec H3K 1J7",45.479966999999995,-73.566575
SO01,Eco-Quartier/YMCA,"255 Avenue Ash, Montreal, QC H3K 2R1",45.478343,-73.55185300000001,SO41,Centre Communautaire des Femmes Actives St-Henri,"4500 Saint-Antoine St W, Montreal, Quebec H4C 1E1",45.476046999999994,-73.591696
SO16,Pro-Vert Sud Ouest,"75 Rue du Square Sir George Étienne Cartier, Montreal, QC H4C 3A1",45.473064,-73.583711,SO41,Centre Communautaire des Femmes Actives St-Henri,"4500 Saint-Antoine St W, Montreal, Quebec H4C 1E1",45.476046999999994,-73.591696
SO19,Craig Sauvé/Projet Montreal,"1055 Boulevard René-Lévesque E, suite 1100, Montréal, QC H2L 4S5",45.516465999999994,-73.55528100000001,SO41,Centre Communautaire des Femmes Actives St-Henri,"4500 Saint-Antoine St W, Montreal, Quebec H4C 1E1",45.476046999999994,-73.591696
SO01,Eco-Quartier/YMCA,"255 Avenue Ash, Montreal, QC H3K 2R1",45.478343,-73.55185300000001,SO42,Centre Culturel Georges-Vanier,"2450 Rue Workman, Montréal, QC H3J 1L8",45.483542,-73.57508100000001
SO19,Craig Sauvé/Projet Montreal,"1055 Boulevard René-Lévesque E, suite 1100, Montréal, QC H2L 4S5",45.516465999999994,-73.55528100000001,SO42,Centre Culturel Georges-Vanier,"2450 Rue Workman, Montréal, QC H3J 1L8",45.483542,-73.57508100000001
SO20,Atelier 850,"850 Rue des Seigneurs, Montréal, QC H3J 1Y5",45.490185,-73.574646,SO42,Centre Culturel Georges-Vanier,"2450 Rue Workman, Montréal, QC H3J 1L8",45.483542,-73.57508100000001
SO01,Eco-Quartier/YMCA,"255 Avenue Ash, Montreal, QC H3K 2R1",45.478343,-73.55185300000001,SO43,Clinique Communautaire du Pointe St-Charles,"500 Avenue Ash, Montréal, QC H3K 2R4",45.478353000000006,-73.556841
SO11,Maison de Jeunes de PSC L'Adozone,"1850 Rue Grand Trunk, Montreal, QC H3K 1N9",45.481343,-73.561665,SO43,Clinique Communautaire du Pointe St-Charles,"500 Avenue Ash, Montréal, QC H3K 2R4",45.478353000000006,-73.556841
SO13,Club Populaire des Consommateurs,"1956 Rue Grand Trunk, Montreal, QC H3K 1N9",45.481343,-73.561665,SO43,Clinique Communautaire du Pointe St-Charles,"500 Avenue Ash, Montréal, QC H3K 2R4",45.478353000000006,-73.556841
SO15,Share the warmth/Partageons l'espoir,"625 Rue Fortune, Montreal, QC H3K 2R9",45.478148,-73.559401,SO43,Clinique Communautaire du Pointe St-Charles,"500 Avenue Ash, Montréal, QC H3K 2R4",45.478353000000006,-73.556841
SO16,Pro-Vert Sud Ouest,"75 Rue du Square Sir George Étienne Cartier, Montreal, QC H4C 3A1",45.473064,-73.583711,SO43,Clinique Communautaire du Pointe St-Charles,"500 Avenue Ash, Montréal, QC H3K 2R4",45.478353000000006,-73.556841
SO17,Batiment 7 / Collectif 7 à nous,"1950 Rue du Centre, Montreal, QC H3K 1J2",45.482094000000004,-73.56312199999999,SO43,Clinique Communautaire du Pointe St-Charles,"500 Avenue Ash, Montréal, QC H3K 2R4",45.478353000000006,-73.556841
SO18,Saint Columba House,"2365 Rue Grand Trunk, Montreal, QC H3K 1M8",45.478913,-73.565399,SO43,Clinique Communautaire du Pointe St-Charles,"500 Avenue Ash, Montréal, QC H3K 2R4",45.478353000000006,-73.556841
SO08,Coalition Petite Bourgogne/Marché Citoyen,"741 Rue des Seigneurs, Montreal, QC H3J 1Y2",45.489160999999996,-73.57209499999999,SO44,Le Carrefour St-Henri,"3453 Rue Notre-Dame Ouest, Montreal, Québec H4C 1P4",45.480374,-73.57981099999999
SO01,Eco-Quartier/YMCA,"255 Avenue Ash, Montreal, QC H3K 2R1",45.478343,-73.55185300000001,SO45,CPE Les Petits Lutins de Cote St-Paul,"6050 Rue Hamilton, Montréal, QC H4E 3C3",45.457682,-73.598198
SO19,Craig Sauvé/Projet Montreal,"1055 Boulevard René-Lévesque E, suite 1100, Montréal, QC H2L 4S5",45.516465999999994,-73.55528100000001,SO45,CPE Les Petits Lutins de Cote St-Paul,"6050 Rue Hamilton, Montréal, QC H4E 3C3",45.457682,-73.598198
SO01,Eco-Quartier/YMCA,"255 Avenue Ash, Montreal, QC H3K 2R1",45.478343,-73.55185300000001,SO46,Ecole St-Zotique,"4841 Avenue Palm, Montréal, QC H4C 1Y1",45.471139,-73.589291
SO02,CRCS St-Zotique,"75 Rue du Square Sir George Étienne Cartier, Montréal, QC H4C 3A1",45.473064,-73.583711,SO46,Ecole St-Zotique,"4841 Avenue Palm, Montréal, QC H4C 1Y1",45.471139,-73.589291
SO19,Craig Sauvé/Projet Montreal,"1055 Boulevard René-Lévesque E, suite 1100, Montréal, QC H2L 4S5",45.516465999999994,-73.55528100000001,SO46,Ecole St-Zotique,"4841 Avenue Palm, Montréal, QC H4C 1Y1",45.471139,-73.589291
SO01,Eco-Quartier/YMCA,"255 Avenue Ash, Montreal, QC H3K 2R1",45.478343,-73.55185300000001,SO47,Ecole Charles Lemoyne,"2001 Rue Mullins, Montréal, QC H3K 1N9",45.481327,-73.561369
SO11,Maison de Jeunes de PSC L'Adozone,"1850 Rue Grand Trunk, Montreal, QC H3K 1N9",45.481343,-73.561665,SO47,Ecole Charles Lemoyne,"2001 Rue Mullins, Montréal, QC H3K 1N9",45.481327,-73.561369
SO13,Club Populaire des Consommateurs,"1956 Rue Grand Trunk, Montreal, QC H3K 1N9",45.481343,-73.561665,SO47,Ecole Charles Lemoyne,"2001 Rue Mullins, Montréal, QC H3K 1N9",45.481327,-73.561369
SO15,Share the warmth/Partageons l'espoir,"625 Rue Fortune, Montreal, QC H3K 2R9",45.478148,-73.559401,SO47,Ecole Charles Lemoyne,"2001 Rue Mullins, Montréal, QC H3K 1N9",45.481327,-73.561369
SO19,Craig Sauvé/Projet Montreal,"1055 Boulevard René-Lévesque E, suite 1100, Montréal, QC H2L 4S5",45.516465999999994,-73.55528100000001,SO47,Ecole Charles Lemoyne,"2001 Rue Mullins, Montréal, QC H3K 1N9",45.481327,-73.561369
SO21,Le Garde Manger pour Tous,"1945 Rue Mullins, Montreal, QC H3K 1M7",45.481327,-73.561369,SO47,Ecole Charles Lemoyne,"2001 Rue Mullins, Montréal, QC H3K 1N9",45.481327,-73.561369
SO01,Eco-Quartier/YMCA,"255 Avenue Ash, Montreal, QC H3K 2R1",45.478343,-73.55185300000001,SO48,Ecole Coeur-Immaculé-de-Marie,"1845 Boulevard Desmarchais, Montréal, QC H4E 2B7",45.455903,-73.589635
SO19,Craig Sauvé/Projet Montreal,"1055 Boulevard René-Lévesque E, suite 1100, Montréal, QC H2L 4S5",45.516465999999994,-73.55528100000001,SO48,Ecole Coeur-Immaculé-de-Marie,"1845 Boulevard Desmarchais, Montréal, QC H4E 2B7",45.455903,-73.589635
SO01,Eco-Quartier/YMCA,"255 Avenue Ash, Montreal, QC H3K 2R1",45.478343,-73.55185300000001,SO49,James Lyng High School,"5440 Notre-Dame St W, Montreal, Quebec H4C 1T9",45.468289,-73.595825
SO15,Share the warmth/Partageons l'espoir,"625 Rue Fortune, Montreal, QC H3K 2R9",45.478148,-73.559401,SO49,James Lyng High School,"5440 Notre-Dame St W, Montreal, Quebec H4C 1T9",45.468289,-73.595825
SO18,Saint Columba House,"2365 Rue Grand Trunk, Montreal, QC H3K 1M8",45.478913,-73.565399,SO49,James Lyng High School,"5440 Notre-Dame St W, Montreal, Quebec H4C 1T9",45.468289,-73.595825
SO01,Eco-Quartier/YMCA,"255 Avenue Ash, Montreal, QC H3K 2R1",45.478343,-73.55185300000001,SO50,Solidarite St-Henri,"75 Square Sir-Georges-Étienne-Cartier, Montreal, QC H4C 3A1",45.473064,-73.583711
SO02,CRCS St-Zotique,"75 Rue du Square Sir George Étienne Cartier, Montréal, QC H4C 3A1",45.473064,-73.583711,SO50,Solidarite St-Henri,"75 Square Sir-Georges-Étienne-Cartier, Montreal, QC H4C 3A1",45.473064,-73.583711
SO08,Coalition Petite Bourgogne/Marché Citoyen,"741 Rue des Seigneurs, Montreal, QC H3J 1Y2",45.489160999999996,-73.57209499999999,SO50,Solidarite St-Henri,"75 Square Sir-Georges-Étienne-Cartier, Montreal, QC H4C 3A1",45.473064,-73.583711
SO09,Mission Bon Accueil,"4755 Rue Acorn, Montreal, QC H4C 3L6",45.472713,-73.591561,SO50,Solidarite St-Henri,"75 Square Sir-Georges-Étienne-Cartier, Montreal, QC H4C 3A1",45.473064,-73.583711
SO15,Share the warmth/Partageons l'espoir,"625 Rue Fortune, Montreal, QC H3K 2R9",45.478148,-73.559401,SO50,Solidarite St-Henri,"75 Square Sir-Georges-Étienne-Cartier, Montreal, QC H4C 3A1",45.473064,-73.583711
SO17,Batiment 7 / Collectif 7 à nous,"1950 Rue du Centre, Montreal, QC H3K 1J2",45.482094000000004,-73.56312199999999,SO50,Solidarite St-Henri,"75 Square Sir-Georges-Étienne-Cartier, Montreal, QC H4C 3A1",45.473064,-73.583711
SO19,Craig Sauvé/Projet Montreal,"1055 Boulevard René-Lévesque E, suite 1100, Montréal, QC H2L 4S5",45.516465999999994,-73.55528100000001,SO50,Solidarite St-Henri,"75 Square Sir-Georges-Étienne-Cartier, Montreal, QC H4C 3A1",45.473064,-73.583711
SO21,Le Garde Manger pour Tous,"1945 Rue Mullins, Montreal, QC H3K 1M7",45.481327,-73.561369,SO50,Solidarite St-Henri,"75 Square Sir-Georges-Étienne-Cartier, Montreal, QC H4C 3A1",45.473064,-73.583711
SO01,Eco-Quartier/YMCA,"255 Avenue Ash, Montreal, QC H3K 2R1",45.478343,-73.55185300000001,SO51,Logifem,"CP72108, 151 Atwater, Montréal, QC H3J 2Z6",45.480222999999995,-73.576858
SO15,Share the warmth/Partageons l'espoir,"625 Rue Fortune, Montreal, QC H3K 2R9",45.478148,-73.559401,SO51,Logifem,"CP72108, 151 Atwater, Montréal, QC H3J 2Z6",45.480222999999995,-73.576858
SO19,Craig Sauvé/Projet Montreal,"1055 Boulevard René-Lévesque E, suite 1100, Montréal, QC H2L 4S5",45.516465999999994,-73.55528100000001,SO51,Logifem,"CP72108, 151 Atwater, Montréal, QC H3J 2Z6",45.480222999999995,-73.576858
SO11,Maison de Jeunes de PSC L'Adozone,"1850 Rue Grand Trunk, Montreal, QC H3K 1N9",45.481343,-73.561665,SO52,Centre des aines de Pointe St-Charles,"2431 St Charles St, Montreal, Quebec H3K 1E6",45.480357,-73.56831899999999
SO13,Club Populaire des Consommateurs,"1956 Rue Grand Trunk, Montreal, QC H3K 1N9",45.481343,-73.561665,SO52,Centre des aines de Pointe St-Charles,"2431 St Charles St, Montreal, Quebec H3K 1E6",45.480357,-73.56831899999999
SO15,Share the warmth/Partageons l'espoir,"625 Rue Fortune, Montreal, QC H3K 2R9",45.478148,-73.559401,SO52,Centre des aines de Pointe St-Charles,"2431 St Charles St, Montreal, Quebec H3K 1E6",45.480357,-73.56831899999999
SO16,Pro-Vert Sud Ouest,"75 Rue du Square Sir George Étienne Cartier, Montreal, QC H4C 3A1",45.473064,-73.583711,SO52,Centre des aines de Pointe St-Charles,"2431 St Charles St, Montreal, Quebec H3K 1E6",45.480357,-73.56831899999999
SO18,Saint Columba House,"2365 Rue Grand Trunk, Montreal, QC H3K 1M8",45.478913,-73.565399,SO52,Centre des aines de Pointe St-Charles,"2431 St Charles St, Montreal, Quebec H3K 1E6",45.480357,-73.56831899999999
SO19,Craig Sauvé/Projet Montreal,"1055 Boulevard René-Lévesque E, suite 1100, Montréal, QC H2L 4S5",45.516465999999994,-73.55528100000001,SO52,Centre des aines de Pointe St-Charles,"2431 St Charles St, Montreal, Quebec H3K 1E6",45.480357,-73.56831899999999
SO11,Maison de Jeunes de PSC L'Adozone,"1850 Rue Grand Trunk, Montreal, QC H3K 1N9",45.481343,-73.561665,SO53,Madame prend conge (centre des femmes Pt St-Charle),"1900, rue Grand Trunk Montreal, QC, Canada H3K1N9",45.481343,-73.561665
SO13,Club Populaire des Consommateurs,"1956 Rue Grand Trunk, Montreal, QC H3K 1N9",45.481343,-73.561665,SO53,Madame prend conge (centre des femmes Pt St-Charle),"1900, rue Grand Trunk Montreal, QC, Canada H3K1N9",45.481343,-73.561665
SO15,Share the warmth/Partageons l'espoir,"625 Rue Fortune, Montreal, QC H3K 2R9",45.478148,-73.559401,SO53,Madame prend conge (centre des femmes Pt St-Charle),"1900, rue Grand Trunk Montreal, QC, Canada H3K1N9",45.481343,-73.561665
SO16,Pro-Vert Sud Ouest,"75 Rue du Square Sir George Étienne Cartier, Montreal, QC H4C 3A1",45.473064,-73.583711,SO53,Madame prend conge (centre des femmes Pt St-Charle),"1900, rue Grand Trunk Montreal, QC, Canada H3K1N9",45.481343,-73.561665
SO18,Saint Columba House,"2365 Rue Grand Trunk, Montreal, QC H3K 1M8",45.478913,-73.565399,SO53,Madame prend conge (centre des femmes Pt St-Charle),"1900, rue Grand Trunk Montreal, QC, Canada H3K1N9",45.481343,-73.561665
SO19,Craig Sauvé/Projet Montreal,"1055 Boulevard René-Lévesque E, suite 1100, Montréal, QC H2L 4S5",45.516465999999994,-73.55528100000001,SO53,Madame prend conge (centre des femmes Pt St-Charle),"1900, rue Grand Trunk Montreal, QC, Canada H3K1N9",45.481343,-73.561665
SO13,Club Populaire des Consommateurs,"1956 Rue Grand Trunk, Montreal, QC H3K 1N9",45.481343,-73.561665,SO54,Regroupement Information Logement (RIL),"1945 Rue Mullins Bureau 110, Montréal, QC H3K 1N9",45.481327,-73.561369
SO19,Craig Sauvé/Projet Montreal,"1055 Boulevard René-Lévesque E, suite 1100, Montréal, QC H2L 4S5",45.516465999999994,-73.55528100000001,SO54,Regroupement Information Logement (RIL),"1945 Rue Mullins Bureau 110, Montréal, QC H3K 1N9",45.481327,-73.561369
SO13,Club Populaire des Consommateurs,"1956 Rue Grand Trunk, Montreal, QC H3K 1N9",45.481343,-73.561665,SO55,Ecole Jeanne-Leber,"2120 Rue Favard, Montréal, QC H3K 1Z7",45.47725,-73.556208
SO15,Share the warmth/Partageons l'espoir,"625 Rue Fortune, Montreal, QC H3K 2R9",45.478148,-73.559401,SO55,Ecole Jeanne-Leber,"2120 Rue Favard, Montréal, QC H3K 1Z7",45.47725,-73.556208
SO19,Craig Sauvé/Projet Montreal,"1055 Boulevard René-Lévesque E, suite 1100, Montréal, QC H2L 4S5",45.516465999999994,-73.55528100000001,SO55,Ecole Jeanne-Leber,"2120 Rue Favard, Montréal, QC H3K 1Z7",45.47725,-73.556208
SO21,Le Garde Manger pour Tous,"1945 Rue Mullins, Montreal, QC H3K 1M7",45.481327,-73.561369,SO55,Ecole Jeanne-Leber,"2120 Rue Favard, Montréal, QC H3K 1Z7",45.47725,-73.556208
SO13,Club Populaire des Consommateurs,"1956 Rue Grand Trunk, Montreal, QC H3K 1N9",45.481343,-73.561665,SO56,St. Gabriel Elementary School,"600 Rue de Dublin, Montréal, QC H3K 2S4",45.476808,-73.559003
SO15,Share the warmth/Partageons l'espoir,"625 Rue Fortune, Montreal, QC H3K 2R9",45.478148,-73.559401,SO56,St. Gabriel Elementary School,"600 Rue de Dublin, Montréal, QC H3K 2S4",45.476808,-73.559003
SO13,Club Populaire des Consommateurs,"1956 Rue Grand Trunk, Montreal, QC H3K 1N9",45.481343,-73.561665,SO57,Saint Gabriel's Parish,"2157 Centre St, Montreal, Quebec H3K 1J5",45.481169,-73.56554399999999
SO15,Share the warmth/Partageons l'espoir,"625 Rue Fortune, Montreal, QC H3K 2R9",45.478148,-73.559401,SO57,Saint Gabriel's Parish,"2157 Centre St, Montreal, Quebec H3K 1J5",45.481169,-73.56554399999999
SO19,Craig Sauvé/Projet Montreal,"1055 Boulevard René-Lévesque E, suite 1100, Montréal, QC H2L 4S5",45.516465999999994,-73.55528100000001,SO57,Saint Gabriel's Parish,"2157 Centre St, Montreal, Quebec H3K 1J5",45.481169,-73.56554399999999
SO13,Club Populaire des Consommateurs,"1956 Rue Grand Trunk, Montreal, QC H3K 1N9",45.481343,-73.561665,SO58,Mosquee Khadijah,"2385 Centre St, Montreal, Quebec H3K 1J6",45.48003,-73.56717900000001
SO18,Saint Columba House,"2365 Rue Grand Trunk, Montreal, QC H3K 1M8",45.478913,-73.565399,SO58,Mosquee Khadijah,"2385 Centre St, Montreal, Quebec H3K 1J6",45.48003,-73.56717900000001
SO19,Craig Sauvé/Projet Montreal,"1055 Boulevard René-Lévesque E, suite 1100, Montréal, QC H2L 4S5",45.516465999999994,-73.55528100000001,SO58,Mosquee Khadijah,"2385 Centre St, Montreal, Quebec H3K 1J6",45.48003,-73.56717900000001
SO03,Maison D'Entreaide Ville Emard/Cote Saint Paul,"5999 Rue Drake, Montreal, QC H4E 4G8",45.457815999999994,-73.582391,SO59,RESO (Regroupment economique et social du Sud-Oues,"3181 St Jacques St, Montreal, Quebec H4C 1G7",45.48348,-73.580613
SO13,Club Populaire des Consommateurs,"1956 Rue Grand Trunk, Montreal, QC H3K 1N9",45.481343,-73.561665,SO59,RESO (Regroupment economique et social du Sud-Oues,"3181 St Jacques St, Montreal, Quebec H4C 1G7",45.48348,-73.580613
SO15,Share the warmth/Partageons l'espoir,"625 Rue Fortune, Montreal, QC H3K 2R9",45.478148,-73.559401,SO59,RESO (Regroupment economique et social du Sud-Oues,"3181 St Jacques St, Montreal, Quebec H4C 1G7",45.48348,-73.580613
SO17,Batiment 7 / Collectif 7 à nous,"1950 Rue du Centre, Montreal, QC H3K 1J2",45.482094000000004,-73.56312199999999,SO59,RESO (Regroupment economique et social du Sud-Oues,"3181 St Jacques St, Montreal, Quebec H4C 1G7",45.48348,-73.580613
SO19,Craig Sauvé/Projet Montreal,"1055 Boulevard René-Lévesque E, suite 1100, Montréal, QC H2L 4S5",45.516465999999994,-73.55528100000001,SO59,RESO (Regroupment economique et social du Sud-Oues,"3181 St Jacques St, Montreal, Quebec H4C 1G7",45.48348,-73.580613
SO20,Atelier 850,"850 Rue des Seigneurs, Montréal, QC H3J 1Y5",45.490185,-73.574646,SO59,RESO (Regroupment economique et social du Sud-Oues,"3181 St Jacques St, Montreal, Quebec H4C 1G7",45.48348,-73.580613
SO21,Le Garde Manger pour Tous,"1945 Rue Mullins, Montreal, QC H3K 1M7",45.481327,-73.561369,SO59,RESO (Regroupment economique et social du Sud-Oues,"3181 St Jacques St, Montreal, Quebec H4C 1G7",45.48348,-73.580613
SO15,Share the warmth/Partageons l'espoir,"625 Rue Fortune, Montreal, QC H3K 2R9",45.478148,-73.559401,SO60,Centre africain de developpement et d'entraide,"202-2390 Rue Ryde, Montréal, QC H3K 1R6",45.476968,-73.563022
SO18,Saint Columba House,"2365 Rue Grand Trunk, Montreal, QC H3K 1M8",45.478913,-73.565399,SO60,Centre africain de developpement et d'entraide,"202-2390 Rue Ryde, Montréal, QC H3K 1R6",45.476968,-73.563022
SO19,Craig Sauvé/Projet Montreal,"1055 Boulevard René-Lévesque E, suite 1100, Montréal, QC H2L 4S5",45.516465999999994,-73.55528100000001,SO60,Centre africain de developpement et d'entraide,"202-2390 Rue Ryde, Montréal, QC H3K 1R6",45.476968,-73.563022
SO15,Share the warmth/Partageons l'espoir,"625 Rue Fortune, Montreal, QC H3K 2R9",45.478148,-73.559401,SO61,Comite des sans emploi,"2365 Rue Grand Trunk, Montreal, Québec H3K 1M8",45.478913,-73.565399
SO19,Craig Sauvé/Projet Montreal,"1055 Boulevard René-Lévesque E, suite 1100, Montréal, QC H2L 4S5",45.516465999999994,-73.55528100000001,SO61,Comite des sans emploi,"2365 Rue Grand Trunk, Montreal, Québec H3K 1M8",45.478913,-73.565399
SO11,Maison de Jeunes de PSC L'Adozone,"1850 Rue Grand Trunk, Montreal, QC H3K 1N9",45.481343,-73.561665,SO62,Familles en action,"1915 Centre St, Montreal, Quebec H3K 1J1",45.482583,-73.562898
SO15,Share the warmth/Partageons l'espoir,"625 Rue Fortune, Montreal, QC H3K 2R9",45.478148,-73.559401,SO62,Familles en action,"1915 Centre St, Montreal, Quebec H3K 1J1",45.482583,-73.562898
SO17,Batiment 7 / Collectif 7 à nous,"1950 Rue du Centre, Montreal, QC H3K 1J2",45.482094000000004,-73.56312199999999,SO62,Familles en action,"1915 Centre St, Montreal, Quebec H3K 1J1",45.482583,-73.562898
SO19,Craig Sauvé/Projet Montreal,"1055 Boulevard René-Lévesque E, suite 1100, Montréal, QC H2L 4S5",45.516465999999994,-73.55528100000001,SO62,Familles en action,"1915 Centre St, Montreal, Quebec H3K 1J1",45.482583,-73.562898
SO20,Atelier 850,"850 Rue des Seigneurs, Montréal, QC H3J 1Y5",45.490185,-73.574646,SO62,Familles en action,"1915 Centre St, Montreal, Quebec H3K 1J1",45.482583,-73.562898
SO02,CRCS St-Zotique,"75 Rue du Square Sir George Étienne Cartier, Montréal, QC H4C 3A1",45.473064,-73.583711,SO63,P.O.P.I.R.--Comite Logement,"2515 Rue Delisle bureau 209, Montréal, QC H3J 1K8",45.48383,-73.576727
SO03,Maison D'Entreaide Ville Emard/Cote Saint Paul,"5999 Rue Drake, Montreal, QC H4E 4G8",45.457815999999994,-73.582391,SO63,P.O.P.I.R.--Comite Logement,"2515 Rue Delisle bureau 209, Montréal, QC H3J 1K8",45.48383,-73.576727
SO15,Share the warmth/Partageons l'espoir,"625 Rue Fortune, Montreal, QC H3K 2R9",45.478148,-73.559401,SO63,P.O.P.I.R.--Comite Logement,"2515 Rue Delisle bureau 209, Montréal, QC H3J 1K8",45.48383,-73.576727
SO17,Batiment 7 / Collectif 7 à nous,"1950 Rue du Centre, Montreal, QC H3K 1J2",45.482094000000004,-73.56312199999999,SO63,P.O.P.I.R.--Comite Logement,"2515 Rue Delisle bureau 209, Montréal, QC H3J 1K8",45.48383,-73.576727
SO19,Craig Sauvé/Projet Montreal,"1055 Boulevard René-Lévesque E, suite 1100, Montréal, QC H2L 4S5",45.516465999999994,-73.55528100000001,SO63,P.O.P.I.R.--Comite Logement,"2515 Rue Delisle bureau 209, Montréal, QC H3J 1K8",45.48383,-73.576727
SO15,Share the warmth/Partageons l'espoir,"625 Rue Fortune, Montreal, QC H3K 2R9",45.478148,-73.559401,SO64,Maison Partage Petite-Bourgogne Réseau Providence,"550 Avenue Richmond, Montreal, Québec H3J 1V3",45.490075,-73.569622
SO19,Craig Sauvé/Projet Montreal,"1055 Boulevard René-Lévesque E, suite 1100, Montréal, QC H2L 4S5",45.516465999999994,-73.55528100000001,SO64,Maison Partage Petite-Bourgogne Réseau Providence,"550 Avenue Richmond, Montreal, Québec H3J 1V3",45.490075,-73.569622
SO11,Maison de Jeunes de PSC L'Adozone,"1850 Rue Grand Trunk, Montreal, QC H3K 1N9",45.481343,-73.561665,SO65,Services juridique communautaires,"2533 Rue Centre bureau 101, Montréal, QC H3K 1J9",45.478852,-73.569128
SO15,Share the warmth/Partageons l'espoir,"625 Rue Fortune, Montreal, QC H3K 2R9",45.478148,-73.559401,SO65,Services juridique communautaires,"2533 Rue Centre bureau 101, Montréal, QC H3K 1J9",45.478852,-73.569128
SO19,Craig Sauvé/Projet Montreal,"1055 Boulevard René-Lévesque E, suite 1100, Montréal, QC H2L 4S5",45.516465999999994,-73.55528100000001,SO65,Services juridique communautaires,"2533 Rue Centre bureau 101, Montréal, QC H3K 1J9",45.478852,-73.569128
SO11,Maison de Jeunes de PSC L'Adozone,"1850 Rue Grand Trunk, Montreal, QC H3K 1N9",45.481343,-73.561665,SO66,Societe d'histoire de Pointe-St-Charles,"206-2390 Rue Ryde, Montréal, QC H3K 1R6",45.476968,-73.563022
SO15,Share the warmth/Partageons l'espoir,"625 Rue Fortune, Montreal, QC H3K 2R9",45.478148,-73.559401,SO66,Societe d'histoire de Pointe-St-Charles,"206-2390 Rue Ryde, Montréal, QC H3K 1R6",45.476968,-73.563022
SO17,Batiment 7 / Collectif 7 à nous,"1950 Rue du Centre, Montreal, QC H3K 1J2",45.482094000000004,-73.56312199999999,SO66,Societe d'histoire de Pointe-St-Charles,"206-2390 Rue Ryde, Montréal, QC H3K 1R6",45.476968,-73.563022
SO19,Craig Sauvé/Projet Montreal,"1055 Boulevard René-Lévesque E, suite 1100, Montréal, QC H2L 4S5",45.516465999999994,-73.55528100000001,SO66,Societe d'histoire de Pointe-St-Charles,"206-2390 Rue Ryde, Montréal, QC H3K 1R6",45.476968,-73.563022
SO03,Maison D'Entreaide Ville Emard/Cote Saint Paul,"5999 Rue Drake, Montreal, QC H4E 4G8",45.457815999999994,-73.582391,SO67,Travail de rue-Action communautaire (TRAC),"400 Rue de l'Église, Montréal, QC H4G 3E4",45.462587,-73.569356
SO11,Maison de Jeunes de PSC L'Adozone,"1850 Rue Grand Trunk, Montreal, QC H3K 1N9",45.481343,-73.561665,SO67,Travail de rue-Action communautaire (TRAC),"400 Rue de l'Église, Montréal, QC H4G 3E4",45.462587,-73.569356
SO12,Maison de Jeunes L'Escampette,"525 Rue Dominion, Montreal, QC H3J 2B4",45.484598,-73.57345600000001,SO67,Travail de rue-Action communautaire (TRAC),"400 Rue de l'Église, Montréal, QC H4G 3E4",45.462587,-73.569356
SO15,Share the warmth/Partageons l'espoir,"625 Rue Fortune, Montreal, QC H3K 2R9",45.478148,-73.559401,SO67,Travail de rue-Action communautaire (TRAC),"400 Rue de l'Église, Montréal, QC H4G 3E4",45.462587,-73.569356
SO19,Craig Sauvé/Projet Montreal,"1055 Boulevard René-Lévesque E, suite 1100, Montréal, QC H2L 4S5",45.516465999999994,-73.55528100000001,SO67,Travail de rue-Action communautaire (TRAC),"400 Rue de l'Église, Montréal, QC H4G 3E4",45.462587,-73.569356
SO20,Atelier 850,"850 Rue des Seigneurs, Montréal, QC H3J 1Y5",45.490185,-73.574646,SO67,Travail de rue-Action communautaire (TRAC),"400 Rue de l'Église, Montréal, QC H4G 3E4",45.462587,-73.569356
SO15,Share the warmth/Partageons l'espoir,"625 Rue Fortune, Montreal, QC H3K 2R9",45.478148,-73.559401,SO68,Ecole Roslyn,"4699 Westmount Ave, Westmount, Quebec H3Y 1X5",45.483197,-73.609436
SO15,Share the warmth/Partageons l'espoir,"625 Rue Fortune, Montreal, QC H3K 2R9",45.478148,-73.559401,SO69,Ecole Westmount Park,"15 Park Pl, Westmount, Quebec H3Z 2K4",45.480923,-73.594697
SO08,Coalition Petite Bourgogne/Marché Citoyen,"741 Rue des Seigneurs, Montreal, QC H3J 1Y2",45.489160999999996,-73.57209499999999,SO70,Union United Church,"3007 Rue Delisle, Montréal, QC H4C 1M8",45.482402,-73.579198
SO15,Share the warmth/Partageons l'espoir,"625 Rue Fortune, Montreal, QC H3K 2R9",45.478148,-73.559401,SO70,Union United Church,"3007 Rue Delisle, Montréal, QC H4C 1M8",45.482402,-73.579198
SO19,Craig Sauvé/Projet Montreal,"1055 Boulevard René-Lévesque E, suite 1100, Montréal, QC H2L 4S5",45.516465999999994,-73.55528100000001,SO70,Union United Church,"3007 Rue Delisle, Montréal, QC H4C 1M8",45.482402,-73.579198
SO15,Share the warmth/Partageons l'espoir,"625 Rue Fortune, Montreal, QC H3K 2R9",45.478148,-73.559401,SO71,Paroisse Saint-Charles,"2111 Centre St, Montreal, Quebec H3K 1J5",45.481487,-73.565004
SO18,Saint Columba House,"2365 Rue Grand Trunk, Montreal, QC H3K 1M8",45.478913,-73.565399,SO71,Paroisse Saint-Charles,"2111 Centre St, Montreal, Quebec H3K 1J5",45.481487,-73.565004
SO19,Craig Sauvé/Projet Montreal,"1055 Boulevard René-Lévesque E, suite 1100, Montréal, QC H2L 4S5",45.516465999999994,-73.55528100000001,SO71,Paroisse Saint-Charles,"2111 Centre St, Montreal, Quebec H3K 1J5",45.481487,-73.565004
SO21,Le Garde Manger pour Tous,"1945 Rue Mullins, Montreal, QC H3K 1M7",45.481327,-73.561369,SO71,Paroisse Saint-Charles,"2111 Centre St, Montreal, Quebec H3K 1J5",45.481487,-73.565004
SO15,Share the warmth/Partageons l'espoir,"625 Rue Fortune, Montreal, QC H3K 2R9",45.478148,-73.559401,SO72,Les Ateliers 5 Epices,"1945 Rue Mullins, Montréal, QC H3K 1N9",45.481327,-73.561369
SO16,Pro-Vert Sud Ouest,"75 Rue du Square Sir George Étienne Cartier, Montreal, QC H4C 3A1",45.473064,-73.583711,SO72,Les Ateliers 5 Epices,"1945 Rue Mullins, Montréal, QC H3K 1N9",45.481327,-73.561369
SO17,Batiment 7 / Collectif 7 à nous,"1950 Rue du Centre, Montreal, QC H3K 1J2",45.482094000000004,-73.56312199999999,SO72,Les Ateliers 5 Epices,"1945 Rue Mullins, Montréal, QC H3K 1N9",45.481327,-73.561369
SO21,Le Garde Manger pour Tous,"1945 Rue Mullins, Montreal, QC H3K 1M7",45.481327,-73.561369,SO72,Les Ateliers 5 Epices,"1945 Rue Mullins, Montréal, QC H3K 1N9",45.481327,-73.561369
SO11,Maison de Jeunes de PSC L'Adozone,"1850 Rue Grand Trunk, Montreal, QC H3K 1N9",45.481343,-73.561665,SO73,Ecole Secondaire St-Henri,"4115 St Jacques St, Montreal, Quebec H4C 1J3",45.477965000000005,-73.58757299999999
SO19,Craig Sauvé/Projet Montreal,"1055 Boulevard René-Lévesque E, suite 1100, Montréal, QC H2L 4S5",45.516465999999994,-73.55528100000001,SO73,Ecole Secondaire St-Henri,"4115 St Jacques St, Montreal, Quebec H4C 1J3",45.477965000000005,-73.58757299999999
SO08,Coalition Petite Bourgogne/Marché Citoyen,"741 Rue des Seigneurs, Montreal, QC H3J 1Y2",45.489160999999996,-73.57209499999999,SO74,Centre Communautaire Tyndale St-Georges,"870 Square Richmond, Montréal, QC H3J 1V7",45.491275,-73.573116
SO11,Maison de Jeunes de PSC L'Adozone,"1850 Rue Grand Trunk, Montreal, QC H3K 1N9",45.481343,-73.561665,SO74,Centre Communautaire Tyndale St-Georges,"870 Square Richmond, Montréal, QC H3J 1V7",45.491275,-73.573116
SO16,Pro-Vert Sud Ouest,"75 Rue du Square Sir George Étienne Cartier, Montreal, QC H4C 3A1",45.473064,-73.583711,SO74,Centre Communautaire Tyndale St-Georges,"870 Square Richmond, Montréal, QC H3J 1V7",45.491275,-73.573116
SO20,Atelier 850,"850 Rue des Seigneurs, Montréal, QC H3J 1Y5",45.490185,-73.574646,SO74,Centre Communautaire Tyndale St-Georges,"870 Square Richmond, Montréal, QC H3J 1V7",45.491275,-73.573116
SO21,Le Garde Manger pour Tous,"1945 Rue Mullins, Montreal, QC H3K 1M7",45.481327,-73.561369,SO74,Centre Communautaire Tyndale St-Georges,"870 Square Richmond, Montréal, QC H3J 1V7",45.491275,-73.573116
SO03,Maison D'Entreaide Ville Emard/Cote Saint Paul,"5999 Rue Drake, Montreal, QC H4E 4G8",45.457815999999994,-73.582391,SO75,Prevention Sud-Ouest (PSO),"6000 rue Notre-Dame Ouest West entrance, 2nd floor, Montreal, Quebec, H4C 3K5",45.460997,-73.608874
SO08,Coalition Petite Bourgogne/Marché Citoyen,"741 Rue des Seigneurs, Montreal, QC H3J 1Y2",45.489160999999996,-73.57209499999999,SO75,Prevention Sud-Ouest (PSO),"6000 rue Notre-Dame Ouest West entrance, 2nd floor, Montreal, Quebec, H4C 3K5",45.460997,-73.608874
SO12,Maison de Jeunes L'Escampette,"525 Rue Dominion, Montreal, QC H3J 2B4",45.484598,-73.57345600000001,SO75,Prevention Sud-Ouest (PSO),"6000 rue Notre-Dame Ouest West entrance, 2nd floor, Montreal, Quebec, H4C 3K5",45.460997,-73.608874
SO19,Craig Sauvé/Projet Montreal,"1055 Boulevard René-Lévesque E, suite 1100, Montréal, QC H2L 4S5",45.516465999999994,-73.55528100000001,SO75,Prevention Sud-Ouest (PSO),"6000 rue Notre-Dame Ouest West entrance, 2nd floor, Montreal, Quebec, H4C 3K5",45.460997,-73.608874
SO20,Atelier 850,"850 Rue des Seigneurs, Montréal, QC H3J 1Y5",45.490185,-73.574646,SO75,Prevention Sud-Ouest (PSO),"6000 rue Notre-Dame Ouest West entrance, 2nd floor, Montreal, Quebec, H4C 3K5",45.460997,-73.608874
SO19,Craig Sauvé/Projet Montreal,"1055 Boulevard René-Lévesque E, suite 1100, Montréal, QC H2L 4S5",45.516465999999994,-73.55528100000001,SO76,Ecole de la Petite-Bourgogne,"555 Rue des Seigneurs, Montréal, QC H3J 1Y1",45.488642999999996,-73.570996
SO20,Atelier 850,"850 Rue des Seigneurs, Montréal, QC H3J 1Y5",45.490185,-73.574646,SO76,Ecole de la Petite-Bourgogne,"555 Rue des Seigneurs, Montréal, QC H3J 1Y1",45.488642999999996,-73.570996
SO21,Le Garde Manger pour Tous,"1945 Rue Mullins, Montreal, QC H3K 1M7",45.481327,-73.561369,SO76,Ecole de la Petite-Bourgogne,"555 Rue des Seigneurs, Montréal, QC H3J 1Y1",45.488642999999996,-73.570996
SO03,Maison D'Entreaide Ville Emard/Cote Saint Paul,"5999 Rue Drake, Montreal, QC H4E 4G8",45.457815999999994,-73.582391,SO77,Centre d'aide a la reussite et au developpement,"3225 Trinitaires Blvd, Montreal, Quebec H4E 2S4",45.44685,-73.600711
SO16,Pro-Vert Sud Ouest,"75 Rue du Square Sir George Étienne Cartier, Montreal, QC H4C 3A1",45.473064,-73.583711,SO77,Centre d'aide a la reussite et au developpement,"3225 Trinitaires Blvd, Montreal, Quebec H4E 2S4",45.44685,-73.600711
SO19,Craig Sauvé/Projet Montreal,"1055 Boulevard René-Lévesque E, suite 1100, Montréal, QC H2L 4S5",45.516465999999994,-73.55528100000001,SO77,Centre d'aide a la reussite et au developpement,"3225 Trinitaires Blvd, Montreal, Quebec H4E 2S4",45.44685,-73.600711
SO03,Maison D'Entreaide Ville Emard/Cote Saint Paul,"5999 Rue Drake, Montreal, QC H4E 4G8",45.457815999999994,-73.582391,SO78,Centre de Loisirs Monseigneur Pigeon,"5550 Rue Angers, Montréal, QC H4E 4A5",45.462799,-73.584212
SO16,Pro-Vert Sud Ouest,"75 Rue du Square Sir George Étienne Cartier, Montreal, QC H4C 3A1",45.473064,-73.583711,SO78,Centre de Loisirs Monseigneur Pigeon,"5550 Rue Angers, Montréal, QC H4E 4A5",45.462799,-73.584212
SO19,Craig Sauvé/Projet Montreal,"1055 Boulevard René-Lévesque E, suite 1100, Montréal, QC H2L 4S5",45.516465999999994,-73.55528100000001,SO78,Centre de Loisirs Monseigneur Pigeon,"5550 Rue Angers, Montréal, QC H4E 4A5",45.462799,-73.584212
SO03,Maison D'Entreaide Ville Emard/Cote Saint Paul,"5999 Rue Drake, Montreal, QC H4E 4G8",45.457815999999994,-73.582391,SO79,"Centre social d'aide aux immigrants, CSAI","6201 Laurendeau St, Montreal, Quebec H4E 3X8",45.456838,-73.588719
SO16,Pro-Vert Sud Ouest,"75 Rue du Square Sir George Étienne Cartier, Montreal, QC H4C 3A1",45.473064,-73.583711,SO79,"Centre social d'aide aux immigrants, CSAI","6201 Laurendeau St, Montreal, Quebec H4E 3X8",45.456838,-73.588719
SO19,Craig Sauvé/Projet Montreal,"1055 Boulevard René-Lévesque E, suite 1100, Montréal, QC H2L 4S5",45.516465999999994,-73.55528100000001,SO79,"Centre social d'aide aux immigrants, CSAI","6201 Laurendeau St, Montreal, Quebec H4E 3X8",45.456838,-73.588719
SO03,Maison D'Entreaide Ville Emard/Cote Saint Paul,"5999 Rue Drake, Montreal, QC H4E 4G8",45.457815999999994,-73.582391,SO80,Maison Repit Oasis,"1960 Rue Cardinal, Montréal, QC H4E 1N5",45.459979,-73.590949
SO16,Pro-Vert Sud Ouest,"75 Rue du Square Sir George Étienne Cartier, Montreal, QC H4C 3A1",45.473064,-73.583711,SO80,Maison Repit Oasis,"1960 Rue Cardinal, Montréal, QC H4E 1N5",45.459979,-73.590949
SO19,Craig Sauvé/Projet Montreal,"1055 Boulevard René-Lévesque E, suite 1100, Montréal, QC H2L 4S5",45.516465999999994,-73.55528100000001,SO80,Maison Repit Oasis,"1960 Rue Cardinal, Montréal, QC H4E 1N5",45.459979,-73.590949
SO03,Maison D'Entreaide Ville Emard/Cote Saint Paul,"5999 Rue Drake, Montreal, QC H4E 4G8",45.457815999999994,-73.582391,SO81,L'Arche Montreal,"6105 Rue Jogues, Montréal, QC H4E 2W2",45.45577,-73.602536
SO16,Pro-Vert Sud Ouest,"75 Rue du Square Sir George Étienne Cartier, Montreal, QC H4C 3A1",45.473064,-73.583711,SO81,L'Arche Montreal,"6105 Rue Jogues, Montréal, QC H4E 2W2",45.45577,-73.602536
SO19,Craig Sauvé/Projet Montreal,"1055 Boulevard René-Lévesque E, suite 1100, Montréal, QC H2L 4S5",45.516465999999994,-73.55528100000001,SO81,L'Arche Montreal,"6105 Rue Jogues, Montréal, QC H4E 2W2",45.45577,-73.602536
SO13,Club Populaire des Consommateurs,"1956 Rue Grand Trunk, Montreal, QC H3K 1N9",45.481343,-73.561665,SO82,Groupes de ressources techniques Batir son quartie,"1945 Rue Mullins bureau 120, Montreal, Quebec H3K 1N9",45.481327,-73.561369
SO16,Pro-Vert Sud Ouest,"75 Rue du Square Sir George Étienne Cartier, Montreal, QC H4C 3A1",45.473064,-73.583711,SO82,Groupes de ressources techniques Batir son quartie,"1945 Rue Mullins bureau 120, Montreal, Quebec H3K 1N9",45.481327,-73.561369
SO17,Batiment 7 / Collectif 7 à nous,"1950 Rue du Centre, Montreal, QC H3K 1J2",45.482094000000004,-73.56312199999999,SO82,Groupes de ressources techniques Batir son quartie,"1945 Rue Mullins bureau 120, Montreal, Quebec H3K 1N9",45.481327,-73.561369
SO19,Craig Sauvé/Projet Montreal,"1055 Boulevard René-Lévesque E, suite 1100, Montréal, QC H2L 4S5",45.516465999999994,-73.55528100000001,SO82,Groupes de ressources techniques Batir son quartie,"1945 Rue Mullins bureau 120, Montreal, Quebec H3K 1N9",45.481327,-73.561369
SO17,Batiment 7 / Collectif 7 à nous,"1950 Rue du Centre, Montreal, QC H3K 1J2",45.482094000000004,-73.56312199999999,SO83,CPE Les enfants de l'avenir,"1945 Rue Mullins bureau 180, Montréal, QC H3K 1N9",45.481327,-73.561369
SO19,Craig Sauvé/Projet Montreal,"1055 Boulevard René-Lévesque E, suite 1100, Montréal, QC H2L 4S5",45.516465999999994,-73.55528100000001,SO83,CPE Les enfants de l'avenir,"1945 Rue Mullins bureau 180, Montréal, QC H3K 1N9",45.481327,-73.561369
SO19,Craig Sauvé/Projet Montreal,"1055 Boulevard René-Lévesque E, suite 1100, Montréal, QC H2L 4S5",45.516465999999994,-73.55528100000001,SO84,Ecole Victor-Rousselot,"3525 Sainte Émilie St, Montreal, Quebec H4C 1Z3",45.479363,-73.578792
SO21,Le Garde Manger pour Tous,"1945 Rue Mullins, Montreal, QC H3K 1M7",45.481327,-73.561369,SO84,Ecole Victor-Rousselot,"3525 Sainte Émilie St, Montreal, Quebec H4C 1Z3",45.479363,-73.578792
SO18,Saint Columba House,"2365 Rue Grand Trunk, Montreal, QC H3K 1M8",45.478913,-73.565399,SO85,Imani Community Centre/Muslim Association,"552 Ave Richmond, Montreal, Quebec H3J 1V3",45.490177,-73.56871
SO19,Craig Sauvé/Projet Montreal,"1055 Boulevard René-Lévesque E, suite 1100, Montréal, QC H2L 4S5",45.516465999999994,-73.55528100000001,SO85,Imani Community Centre/Muslim Association,"552 Ave Richmond, Montreal, Quebec H3J 1V3",45.490177,-73.56871
SO09,Mission Bon Accueil,"4755 Rue Acorn, Montreal, QC H4C 3L6",45.472713,-73.591561,SO86,Ecole Annexe-Charlevoix,"633 Courcelle St, Montreal, Quebec H4C 3C7",45.443826,-73.749215
SO19,Craig Sauvé/Projet Montreal,"1055 Boulevard René-Lévesque E, suite 1100, Montréal, QC H2L 4S5",45.516465999999994,-73.55528100000001,SO87,Club de Gymnastique Artistique Gadbois,"155 Avenue Greene 2e étage, Montréal, QC H4C 2H6",45.479773,-73.577321
SO16,Pro-Vert Sud Ouest,"75 Rue du Square Sir George Étienne Cartier, Montreal, QC H4C 3A1",45.473064,-73.583711,SO88,Centre Saint Paul,"4976 Notre-Dame St W, Montreal, Quebec H4C 1S8",45.470801,-73.59022399999999
SO19,Craig Sauvé/Projet Montreal,"1055 Boulevard René-Lévesque E, suite 1100, Montréal, QC H2L 4S5",45.516465999999994,-73.55528100000001,SO88,Centre Saint Paul,"4976 Notre-Dame St W, Montreal, Quebec H4C 1S8",45.470801,-73.59022399999999
SO19,Craig Sauvé/Projet Montreal,"1055 Boulevard René-Lévesque E, suite 1100, Montréal, QC H2L 4S5",45.516465999999994,-73.55528100000001,SO89,Projet Suivi Communautaire,"1751, rue Richardson, bureau 4.120 Montréal (Québec) H3K 1G6",45.484122,-73.562062
SO19,Craig Sauvé/Projet Montreal,"1055 Boulevard René-Lévesque E, suite 1100, Montréal, QC H2L 4S5",45.516465999999994,-73.55528100000001,SO90,CPE Enfants Soleil,"5656 Laurendeau St, Montreal, Quebec H4E 3W4",45.461733,-73.587809
SO19,Craig Sauvé/Projet Montreal,"1055 Boulevard René-Lévesque E, suite 1100, Montréal, QC H2L 4S5",45.516465999999994,-73.55528100000001,SO91,CPE le Joyeux Carrousel,"6715 Rue Beaulieu, Montréal, QC H4E 3G2",45.451403000000006,-73.594775
SO16,Pro-Vert Sud Ouest,"75 Rue du Square Sir George Étienne Cartier, Montreal, QC H4C 3A1",45.473064,-73.583711,SO92,Jardin Rose de Lima,"3467 Rue Delisle, Montréal, QC H4C 1N1",45.481606,-73.580664
SO19,Craig Sauvé/Projet Montreal,"1055 Boulevard René-Lévesque E, suite 1100, Montréal, QC H2L 4S5",45.516465999999994,-73.55528100000001,SO92,Jardin Rose de Lima,"3467 Rue Delisle, Montréal, QC H4C 1N1",45.481606,-73.580664
SO19,Craig Sauvé/Projet Montreal,"1055 Boulevard René-Lévesque E, suite 1100, Montréal, QC H2L 4S5",45.516465999999994,-73.55528100000001,SO93,Ecole des Metiers du Sud-Ouest de Montreal,"2000 Rue Parthenais, Montréal, QC H2K 1V7",45.529709999999994,-73.557247
SO19,Craig Sauvé/Projet Montreal,"1055 Boulevard René-Lévesque E, suite 1100, Montréal, QC H2L 4S5",45.516465999999994,-73.55528100000001,SO94,Ecole Saint-Jean-de-Matha,"6970 Rue Dumas, Montréal, QC H4E 3A3",45.44838,-73.59656700000001
SO19,Craig Sauvé/Projet Montreal,"1055 Boulevard René-Lévesque E, suite 1100, Montréal, QC H2L 4S5",45.516465999999994,-73.55528100000001,SO95,Ecole Honore-Mercier,"1935 Boulevard Desmarchais, Montréal, QC H4E 2B9",45.455946000000004,-73.591841
SO19,Craig Sauvé/Projet Montreal,"1055 Boulevard René-Lévesque E, suite 1100, Montréal, QC H2L 4S5",45.516465999999994,-73.55528100000001,SO96,Ecole NDPS,"6025 Rue Beaulieu, Montréal, QC H4E 3E7",45.458211,-73.596686
SO19,Craig Sauvé/Projet Montreal,"1055 Boulevard René-Lévesque E, suite 1100, Montréal, QC H2L 4S5",45.516465999999994,-73.55528100000001,SO97,Bible Way Pentecostal Church,"2390 Rue Coursol, Montréal, QC H3J 1C7",45.486506,-73.57786999999999
SO19,Craig Sauvé/Projet Montreal,"1055 Boulevard René-Lévesque E, suite 1100, Montréal, QC H2L 4S5",45.516465999999994,-73.55528100000001,SO98,Shah Jalal Islamic Centre,"3740 Rue Workman, Montréal, QC H4C 1N8",45.479431,-73.582536
SO19,Craig Sauvé/Projet Montreal,"1055 Boulevard René-Lévesque E, suite 1100, Montréal, QC H2L 4S5",45.516465999999994,-73.55528100000001,SO99,Eglise St-Zotique,"4561 Notre-Dame St W, Montreal, Quebec H4C 1S3",45.474142,-73.58820300000001
SO19,Craig Sauvé/Projet Montreal,"1055 Boulevard René-Lévesque E, suite 1100, Montréal, QC H2L 4S5",45.516465999999994,-73.55528100000001,SO100,Gurudwara Sahib Quebec,"2183 Wellington St, Montreal, Quebec H3K 1X1",45.476787,-73.559936
